Workbook

Sheet 사용방법
B2: 클레임 분석 시스템 사용방법
B4: 시트 구성
B5: 클레임목록 | C5: 클레임을 한 줄에 한 건씩 입력하는 시트입니다. (흰 칸 = 입력 / 회색 칸 = 자동계산, 건드리지 마세요) 최대 1,999건까지 입력할 수 있습니다.
B6: 분석보고서 | C6: 입력하면 자동으로 집계됩니다. 상단 노란 칸의 기준연도만 바꾸면 전년 대비가 자동으로 바뀝니다.
B7: 클레임조회 | C7: 기간·제공인력·품목류·분류·내용·키워드로 원하는 건만 골라 볼 수 있는 필터 시트입니다.
B8: 기준정보 | C8: 품목류·클레임분류·조치 항목을 관리합니다. 새 종류가 생기면 여기 노란 칸 맨 아래에 추가하세요.
B9: 자동목록 | C9: 계산용 시트입니다. 수정하지 마세요.
B10: 입력 방법
B11: ① 클레임 입력 | C11: 클레임목록의 A~J열에 입력합니다. 품목류·클레임분류·조치는 드롭다운에서 선택합니다. 날짜는 2026-03-15 형식입니다.
B12: ② 새 분류가 생기면 | C12: 기준정보 > 클레임분류 목록 맨 아래에 추가 → 클레임목록 드롭다운과 보고서에 바로 나타납니다. (분류 12개, 품목류 8개, 조치 4개까지 보고서에 표시)
B13: ③ 제공인력·내용 | C13: 드롭다운에 없는 이름·내용도 그냥 입력하면 됩니다. 자동으로 목록에 추가되고 보고서 TOP 순위에 반영됩니다. 오타가 있으면 다른 항목으로 집계되니 가능하면 드롭다운을 사용하세요.
B14: ④ 서비스시작일·조치 | C14: 입력하면 보고서 6번 "서비스 시작 후 경과일·조치별 현황"이 채워집니다. (선택 입력)
B15: ⑤ 데이터 필터 | C15: 방법 1) 클레임목록 1행의 ▼ 버튼(엑셀 기본 필터) 방법 2) 클레임조회 시트에서 조건 입력.
B16: 색상 안내
B17: 노란 칸 | C17: 직접 입력/수정하는 칸 (기준연도, 조회조건, 기준정보 목록)
B18: 회색 칸 | C18: 자동 계산 — 수정 금지
B19: 주의
B20: 보고서 확인 | C20: 보고서 상단 초록/빨간 문구가 "집계 누락"을 알려줍니다. 분류·품목류를 비우거나 기준정보에 없는 값을 쓰면 집계에서 빠집니다.
B21: 입력 예시 | C21: 클레임목록 2~3행에 입력 예시가 들어 있습니다. 실제 데이터를 입력하시거나 덮어써서 사용하세요.

Sheet 클레임목록
A1: 관리번호 | B1: 날짜 | C1: 제공인력 | D1: 품목류 | E1: 클레임분류 | F1: 내용 | G1: 점검결과 | H1: 이용자 | I1: 서비스시작일 | J1: 조치 | K1: 연도 | L1: 월 | M1: 시작후 경과일 | N1: 경과구간 | O1: 조회순번 | P1: 인력순번 | Q1: 내용순번
A2: 240624 | B2: 46036 | C2: 유은영 | D2: 산모신생아 | E2: 전문성 | F2: 조기퇴근 | G2: 말이 많으심. 성향 안맞아 | H2: 26-03 윤푸름 | K2: =IF(ISNUMBER(B2),YEAR(B2),"") -> 2026 | L2: =IF(ISNUMBER(B2),MONTH(B2),"") -> 1 | M2: =IF(AND(ISNUMBER(B2),ISNUMBER(I2)),B2-I2+1,"") | N2: =IF(B2="","",IF(M2="","시작일 미입력",IF(M2<1,"시작일 이전(확인)",IF(M2=1,"1일째",IF(M2=2,"2일째",IF(M2=3,"3일째",IF(M2<=7,"일주일 이내",IF(M2<=14,"이주일 이내","15일 이후")))))))) -> 시작일 미입력 | O2: =IF(AND(COUNTA($A2:$J2)>0,OR(클레임조회!$C$4="",AND(ISNUMBER($B2),$B2>=클레임조회!$C$4)),OR(클레임조회!$C$5="",AND(ISNUMBER($B2),$B2<=클레임조회!$C$5)),OR(클레임조회!$C$6="",$C2=클레임조회!$C$6),OR(클레임조회!$C$7="",$D2=클레임조회!$C$7),OR(클레임조회!$C$8="",$E2=클레임조회!$C$8),OR(클레임조회!$C$9="",$F2=클레임조회!$C$9),OR(클레임조회!$C$10="",ISNUMBER(SEARCH(클레임조회!$C$10,$C2&" "&$F2&" "&$G2&" "&$H2)))),COUNT(O$1:O1)+1,"") -> 1 | P2: =IF(AND(TRIM(C2)<>"",COUNTIF(C$2:C2,C2)=1),MAX(P$1:P1)+1,"") -> 1 | Q2: =IF(AND(TRIM(F2)<>"",COUNTIF(F$2:F2,F2)=1),MAX(Q$1:Q1)+1,"") -> 1
A3: 102004 | B3: 46037 | D3: 영유아 | E3: 성실성 | F3: 휴대폰사용 | H3: 26-42 변영애 | K3: =IF(ISNUMBER(B3),YEAR(B3),"") -> 2026 | L3: =IF(ISNUMBER(B3),MONTH(B3),"") -> 1 | M3: =IF(AND(ISNUMBER(B3),ISNUMBER(I3)),B3-I3+1,"") | N3: =IF(B3="","",IF(M3="","시작일 미입력",IF(M3<1,"시작일 이전(확인)",IF(M3=1,"1일째",IF(M3=2,"2일째",IF(M3=3,"3일째",IF(M3<=7,"일주일 이내",IF(M3<=14,"이주일 이내","15일 이후")))))))) -> 시작일 미입력 | O3: =IF(AND(COUNTA($A3:$J3)>0,OR(클레임조회!$C$4="",AND(ISNUMBER($B3),$B3>=클레임조회!$C$4)),OR(클레임조회!$C$5="",AND(ISNUMBER($B3),$B3<=클레임조회!$C$5)),OR(클레임조회!$C$6="",$C3=클레임조회!$C$6),OR(클레임조회!$C$7="",$D3=클레임조회!$C$7),OR(클레임조회!$C$8="",$E3=클레임조회!$C$8),OR(클레임조회!$C$9="",$F3=클레임조회!$C$9),OR(클레임조회!$C$10="",ISNUMBER(SEARCH(클레임조회!$C$10,$C3&" "&$F3&" "&$G3&" "&$H3)))),COUNT(O$1:O2)+1,"") -> 2 | P3: =IF(AND(TRIM(C3)<>"",COUNTIF(C$2:C3,C3)=1),MAX(P$1:P2)+1,"") | Q3: =IF(AND(TRIM(F3)<>"",COUNTIF(F$2:F3,F3)=1),MAX(Q$1:Q2)+1,"") -> 2
K4: =IF(ISNUMBER(B4),YEAR(B4),"") | L4: =IF(ISNUMBER(B4),MONTH(B4),"") | M4: =IF(AND(ISNUMBER(B4),ISNUMBER(I4)),B4-I4+1,"") | N4: =IF(B4="","",IF(M4="","시작일 미입력",IF(M4<1,"시작일 이전(확인)",IF(M4=1,"1일째",IF(M4=2,"2일째",IF(M4=3,"3일째",IF(M4<=7,"일주일 이내",IF(M4<=14,"이주일 이내","15일 이후")))))))) | O4: =IF(AND(COUNTA($A4:$J4)>0,OR(클레임조회!$C$4="",AND(ISNUMBER($B4),$B4>=클레임조회!$C$4)),OR(클레임조회!$C$5="",AND(ISNUMBER($B4),$B4<=클레임조회!$C$5)),OR(클레임조회!$C$6="",$C4=클레임조회!$C$6),OR(클레임조회!$C$7="",$D4=클레임조회!$C$7),OR(클레임조회!$C$8="",$E4=클레임조회!$C$8),OR(클레임조회!$C$9="",$F4=클레임조회!$C$9),OR(클레임조회!$C$10="",ISNUMBER(SEARCH(클레임조회!$C$10,$C4&" "&$F4&" "&$G4&" "&$H4)))),COUNT(O$1:O3)+1,"") | P4: =IF(AND(TRIM(C4)<>"",COUNTIF(C$2:C4,C4)=1),MAX(P$1:P3)+1,"") | Q4: =IF(AND(TRIM(F4)<>"",COUNTIF(F$2:F4,F4)=1),MAX(Q$1:Q3)+1,"")
K5: =IF(ISNUMBER(B5),YEAR(B5),"") | L5: =IF(ISNUMBER(B5),MONTH(B5),"") | M5: =IF(AND(ISNUMBER(B5),ISNUMBER(I5)),B5-I5+1,"") | N5: =IF(B5="","",IF(M5="","시작일 미입력",IF(M5<1,"시작일 이전(확인)",IF(M5=1,"1일째",IF(M5=2,"2일째",IF(M5=3,"3일째",IF(M5<=7,"일주일 이내",IF(M5<=14,"이주일 이내","15일 이후")))))))) | O5: =IF(AND(COUNTA($A5:$J5)>0,OR(클레임조회!$C$4="",AND(ISNUMBER($B5),$B5>=클레임조회!$C$4)),OR(클레임조회!$C$5="",AND(ISNUMBER($B5),$B5<=클레임조회!$C$5)),OR(클레임조회!$C$6="",$C5=클레임조회!$C$6),OR(클레임조회!$C$7="",$D5=클레임조회!$C$7),OR(클레임조회!$C$8="",$E5=클레임조회!$C$8),OR(클레임조회!$C$9="",$F5=클레임조회!$C$9),OR(클레임조회!$C$10="",ISNUMBER(SEARCH(클레임조회!$C$10,$C5&" "&$F5&" "&$G5&" "&$H5)))),COUNT(O$1:O4)+1,"") | P5: =IF(AND(TRIM(C5)<>"",COUNTIF(C$2:C5,C5)=1),MAX(P$1:P4)+1,"") | Q5: =IF(AND(TRIM(F5)<>"",COUNTIF(F$2:F5,F5)=1),MAX(Q$1:Q4)+1,"")
K6: =IF(ISNUMBER(B6),YEAR(B6),"") | L6: =IF(ISNUMBER(B6),MONTH(B6),"") | M6: =IF(AND(ISNUMBER(B6),ISNUMBER(I6)),B6-I6+1,"") | N6: =IF(B6="","",IF(M6="","시작일 미입력",IF(M6<1,"시작일 이전(확인)",IF(M6=1,"1일째",IF(M6=2,"2일째",IF(M6=3,"3일째",IF(M6<=7,"일주일 이내",IF(M6<=14,"이주일 이내","15일 이후")))))))) | O6: =IF(AND(COUNTA($A6:$J6)>0,OR(클레임조회!$C$4="",AND(ISNUMBER($B6),$B6>=클레임조회!$C$4)),OR(클레임조회!$C$5="",AND(ISNUMBER($B6),$B6<=클레임조회!$C$5)),OR(클레임조회!$C$6="",$C6=클레임조회!$C$6),OR(클레임조회!$C$7="",$D6=클레임조회!$C$7),OR(클레임조회!$C$8="",$E6=클레임조회!$C$8),OR(클레임조회!$C$9="",$F6=클레임조회!$C$9),OR(클레임조회!$C$10="",ISNUMBER(SEARCH(클레임조회!$C$10,$C6&" "&$F6&" "&$G6&" "&$H6)))),COUNT(O$1:O5)+1,"") | P6: =IF(AND(TRIM(C6)<>"",COUNTIF(C$2:C6,C6)=1),MAX(P$1:P5)+1,"") | Q6: =IF(AND(TRIM(F6)<>"",COUNTIF(F$2:F6,F6)=1),MAX(Q$1:Q5)+1,"")
K7: =IF(ISNUMBER(B7),YEAR(B7),"") | L7: =IF(ISNUMBER(B7),MONTH(B7),"") | M7: =IF(AND(ISNUMBER(B7),ISNUMBER(I7)),B7-I7+1,"") | N7: =IF(B7="","",IF(M7="","시작일 미입력",IF(M7<1,"시작일 이전(확인)",IF(M7=1,"1일째",IF(M7=2,"2일째",IF(M7=3,"3일째",IF(M7<=7,"일주일 이내",IF(M7<=14,"이주일 이내","15일 이후")))))))) | O7: =IF(AND(COUNTA($A7:$J7)>0,OR(클레임조회!$C$4="",AND(ISNUMBER($B7),$B7>=클레임조회!$C$4)),OR(클레임조회!$C$5="",AND(ISNUMBER($B7),$B7<=클레임조회!$C$5)),OR(클레임조회!$C$6="",$C7=클레임조회!$C$6),OR(클레임조회!$C$7="",$D7=클레임조회!$C$7),OR(클레임조회!$C$8="",$E7=클레임조회!$C$8),OR(클레임조회!$C$9="",$F7=클레임조회!$C$9),OR(클레임조회!$C$10="",ISNUMBER(SEARCH(클레임조회!$C$10,$C7&" "&$F7&" "&$G7&" "&$H7)))),COUNT(O$1:O6)+1,"") | P7: =IF(AND(TRIM(C7)<>"",COUNTIF(C$2:C7,C7)=1),MAX(P$1:P6)+1,"") | Q7: =IF(AND(TRIM(F7)<>"",COUNTIF(F$2:F7,F7)=1),MAX(Q$1:Q6)+1,"")
K8: =IF(ISNUMBER(B8),YEAR(B8),"") | L8: =IF(ISNUMBER(B8),MONTH(B8),"") | M8: =IF(AND(ISNUMBER(B8),ISNUMBER(I8)),B8-I8+1,"") | N8: =IF(B8="","",IF(M8="","시작일 미입력",IF(M8<1,"시작일 이전(확인)",IF(M8=1,"1일째",IF(M8=2,"2일째",IF(M8=3,"3일째",IF(M8<=7,"일주일 이내",IF(M8<=14,"이주일 이내","15일 이후")))))))) | O8: =IF(AND(COUNTA($A8:$J8)>0,OR(클레임조회!$C$4="",AND(ISNUMBER($B8),$B8>=클레임조회!$C$4)),OR(클레임조회!$C$5="",AND(ISNUMBER($B8),$B8<=클레임조회!$C$5)),OR(클레임조회!$C$6="",$C8=클레임조회!$C$6),OR(클레임조회!$C$7="",$D8=클레임조회!$C$7),OR(클레임조회!$C$8="",$E8=클레임조회!$C$8),OR(클레임조회!$C$9="",$F8=클레임조회!$C$9),OR(클레임조회!$C$10="",ISNUMBER(SEARCH(클레임조회!$C$10,$C8&" "&$F8&" "&$G8&" "&$H8)))),COUNT(O$1:O7)+1,"") | P8: =IF(AND(TRIM(C8)<>"",COUNTIF(C$2:C8,C8)=1),MAX(P$1:P7)+1,"") | Q8: =IF(AND(TRIM(F8)<>"",COUNTIF(F$2:F8,F8)=1),MAX(Q$1:Q7)+1,"")
K9: =IF(ISNUMBER(B9),YEAR(B9),"") | L9: =IF(ISNUMBER(B9),MONTH(B9),"") | M9: =IF(AND(ISNUMBER(B9),ISNUMBER(I9)),B9-I9+1,"") | N9: =IF(B9="","",IF(M9="","시작일 미입력",IF(M9<1,"시작일 이전(확인)",IF(M9=1,"1일째",IF(M9=2,"2일째",IF(M9=3,"3일째",IF(M9<=7,"일주일 이내",IF(M9<=14,"이주일 이내","15일 이후")))))))) | O9: =IF(AND(COUNTA($A9:$J9)>0,OR(클레임조회!$C$4="",AND(ISNUMBER($B9),$B9>=클레임조회!$C$4)),OR(클레임조회!$C$5="",AND(ISNUMBER($B9),$B9<=클레임조회!$C$5)),OR(클레임조회!$C$6="",$C9=클레임조회!$C$6),OR(클레임조회!$C$7="",$D9=클레임조회!$C$7),OR(클레임조회!$C$8="",$E9=클레임조회!$C$8),OR(클레임조회!$C$9="",$F9=클레임조회!$C$9),OR(클레임조회!$C$10="",ISNUMBER(SEARCH(클레임조회!$C$10,$C9&" "&$F9&" "&$G9&" "&$H9)))),COUNT(O$1:O8)+1,"") | P9: =IF(AND(TRIM(C9)<>"",COUNTIF(C$2:C9,C9)=1),MAX(P$1:P8)+1,"") | Q9: =IF(AND(TRIM(F9)<>"",COUNTIF(F$2:F9,F9)=1),MAX(Q$1:Q8)+1,"")
K10: =IF(ISNUMBER(B10),YEAR(B10),"") | L10: =IF(ISNUMBER(B10),MONTH(B10),"") | M10: =IF(AND(ISNUMBER(B10),ISNUMBER(I10)),B10-I10+1,"") | N10: =IF(B10="","",IF(M10="","시작일 미입력",IF(M10<1,"시작일 이전(확인)",IF(M10=1,"1일째",IF(M10=2,"2일째",IF(M10=3,"3일째",IF(M10<=7,"일주일 이내",IF(M10<=14,"이주일 이내","15일 이후")))))))) | O10: =IF(AND(COUNTA($A10:$J10)>0,OR(클레임조회!$C$4="",AND(ISNUMBER($B10),$B10>=클레임조회!$C$4)),OR(클레임조회!$C$5="",AND(ISNUMBER($B10),$B10<=클레임조회!$C$5)),OR(클레임조회!$C$6="",$C10=클레임조회!$C$6),OR(클레임조회!$C$7="",$D10=클레임조회!$C$7),OR(클레임조회!$C$8="",$E10=클레임조회!$C$8),OR(클레임조회!$C$9="",$F10=클레임조회!$C$9),OR(클레임조회!$C$10="",ISNUMBER(SEARCH(클레임조회!$C$10,$C10&" "&$F10&" "&$G10&" "&$H10)))),COUNT(O$1:O9)+1,"") | P10: =IF(AND(TRIM(C10)<>"",COUNTIF(C$2:C10,C10)=1),MAX(P$1:P9)+1,"") | Q10: =IF(AND(TRIM(F10)<>"",COUNTIF(F$2:F10,F10)=1),MAX(Q$1:Q9)+1,"")
K11: =IF(ISNUMBER(B11),YEAR(B11),"") | L11: =IF(ISNUMBER(B11),MONTH(B11),"") | M11: =IF(AND(ISNUMBER(B11),ISNUMBER(I11)),B11-I11+1,"") | N11: =IF(B11="","",IF(M11="","시작일 미입력",IF(M11<1,"시작일 이전(확인)",IF(M11=1,"1일째",IF(M11=2,"2일째",IF(M11=3,"3일째",IF(M11<=7,"일주일 이내",IF(M11<=14,"이주일 이내","15일 이후")))))))) | O11: =IF(AND(COUNTA($A11:$J11)>0,OR(클레임조회!$C$4="",AND(ISNUMBER($B11),$B11>=클레임조회!$C$4)),OR(클레임조회!$C$5="",AND(ISNUMBER($B11),$B11<=클레임조회!$C$5)),OR(클레임조회!$C$6="",$C11=클레임조회!$C$6),OR(클레임조회!$C$7="",$D11=클레임조회!$C$7),OR(클레임조회!$C$8="",$E11=클레임조회!$C$8),OR(클레임조회!$C$9="",$F11=클레임조회!$C$9),OR(클레임조회!$C$10="",ISNUMBER(SEARCH(클레임조회!$C$10,$C11&" "&$F11&" "&$G11&" "&$H11)))),COUNT(O$1:O10)+1,"") | P11: =IF(AND(TRIM(C11)<>"",COUNTIF(C$2:C11,C11)=1),MAX(P$1:P10)+1,"") | Q11: =IF(AND(TRIM(F11)<>"",COUNTIF(F$2:F11,F11)=1),MAX(Q$1:Q10)+1,"")
K12: =IF(ISNUMBER(B12),YEAR(B12),"") | L12: =IF(ISNUMBER(B12),MONTH(B12),"") | M12: =IF(AND(ISNUMBER(B12),ISNUMBER(I12)),B12-I12+1,"") | N12: =IF(B12="","",IF(M12="","시작일 미입력",IF(M12<1,"시작일 이전(확인)",IF(M12=1,"1일째",IF(M12=2,"2일째",IF(M12=3,"3일째",IF(M12<=7,"일주일 이내",IF(M12<=14,"이주일 이내","15일 이후")))))))) | O12: =IF(AND(COUNTA($A12:$J12)>0,OR(클레임조회!$C$4="",AND(ISNUMBER($B12),$B12>=클레임조회!$C$4)),OR(클레임조회!$C$5="",AND(ISNUMBER($B12),$B12<=클레임조회!$C$5)),OR(클레임조회!$C$6="",$C12=클레임조회!$C$6),OR(클레임조회!$C$7="",$D12=클레임조회!$C$7),OR(클레임조회!$C$8="",$E12=클레임조회!$C$8),OR(클레임조회!$C$9="",$F12=클레임조회!$C$9),OR(클레임조회!$C$10="",ISNUMBER(SEARCH(클레임조회!$C$10,$C12&" "&$F12&" "&$G12&" "&$H12)))),COUNT(O$1:O11)+1,"") | P12: =IF(AND(TRIM(C12)<>"",COUNTIF(C$2:C12,C12)=1),MAX(P$1:P11)+1,"") | Q12: =IF(AND(TRIM(F12)<>"",COUNTIF(F$2:F12,F12)=1),MAX(Q$1:Q11)+1,"")
K13: =IF(ISNUMBER(B13),YEAR(B13),"") | L13: =IF(ISNUMBER(B13),MONTH(B13),"") | M13: =IF(AND(ISNUMBER(B13),ISNUMBER(I13)),B13-I13+1,"") | N13: =IF(B13="","",IF(M13="","시작일 미입력",IF(M13<1,"시작일 이전(확인)",IF(M13=1,"1일째",IF(M13=2,"2일째",IF(M13=3,"3일째",IF(M13<=7,"일주일 이내",IF(M13<=14,"이주일 이내","15일 이후")))))))) | O13: =IF(AND(COUNTA($A13:$J13)>0,OR(클레임조회!$C$4="",AND(ISNUMBER($B13),$B13>=클레임조회!$C$4)),OR(클레임조회!$C$5="",AND(ISNUMBER($B13),$B13<=클레임조회!$C$5)),OR(클레임조회!$C$6="",$C13=클레임조회!$C$6),OR(클레임조회!$C$7="",$D13=클레임조회!$C$7),OR(클레임조회!$C$8="",$E13=클레임조회!$C$8),OR(클레임조회!$C$9="",$F13=클레임조회!$C$9),OR(클레임조회!$C$10="",ISNUMBER(SEARCH(클레임조회!$C$10,$C13&" "&$F13&" "&$G13&" "&$H13)))),COUNT(O$1:O12)+1,"") | P13: =IF(AND(TRIM(C13)<>"",COUNTIF(C$2:C13,C13)=1),MAX(P$1:P12)+1,"") | Q13: =IF(AND(TRIM(F13)<>"",COUNTIF(F$2:F13,F13)=1),MAX(Q$1:Q12)+1,"")
K14: =IF(ISNUMBER(B14),YEAR(B14),"") | L14: =IF(ISNUMBER(B14),MONTH(B14),"") | M14: =IF(AND(ISNUMBER(B14),ISNUMBER(I14)),B14-I14+1,"") | N14: =IF(B14="","",IF(M14="","시작일 미입력",IF(M14<1,"시작일 이전(확인)",IF(M14=1,"1일째",IF(M14=2,"2일째",IF(M14=3,"3일째",IF(M14<=7,"일주일 이내",IF(M14<=14,"이주일 이내","15일 이후")))))))) | O14: =IF(AND(COUNTA($A14:$J14)>0,OR(클레임조회!$C$4="",AND(ISNUMBER($B14),$B14>=클레임조회!$C$4)),OR(클레임조회!$C$5="",AND(ISNUMBER($B14),$B14<=클레임조회!$C$5)),OR(클레임조회!$C$6="",$C14=클레임조회!$C$6),OR(클레임조회!$C$7="",$D14=클레임조회!$C$7),OR(클레임조회!$C$8="",$E14=클레임조회!$C$8),OR(클레임조회!$C$9="",$F14=클레임조회!$C$9),OR(클레임조회!$C$10="",ISNUMBER(SEARCH(클레임조회!$C$10,$C14&" "&$F14&" "&$G14&" "&$H14)))),COUNT(O$1:O13)+1,"") | P14: =IF(AND(TRIM(C14)<>"",COUNTIF(C$2:C14,C14)=1),MAX(P$1:P13)+1,"") | Q14: =IF(AND(TRIM(F14)<>"",COUNTIF(F$2:F14,F14)=1),MAX(Q$1:Q13)+1,"")
K15: =IF(ISNUMBER(B15),YEAR(B15),"") | L15: =IF(ISNUMBER(B15),MONTH(B15),"") | M15: =IF(AND(ISNUMBER(B15),ISNUMBER(I15)),B15-I15+1,"") | N15: =IF(B15="","",IF(M15="","시작일 미입력",IF(M15<1,"시작일 이전(확인)",IF(M15=1,"1일째",IF(M15=2,"2일째",IF(M15=3,"3일째",IF(M15<=7,"일주일 이내",IF(M15<=14,"이주일 이내","15일 이후")))))))) | O15: =IF(AND(COUNTA($A15:$J15)>0,OR(클레임조회!$C$4="",AND(ISNUMBER($B15),$B15>=클레임조회!$C$4)),OR(클레임조회!$C$5="",AND(ISNUMBER($B15),$B15<=클레임조회!$C$5)),OR(클레임조회!$C$6="",$C15=클레임조회!$C$6),OR(클레임조회!$C$7="",$D15=클레임조회!$C$7),OR(클레임조회!$C$8="",$E15=클레임조회!$C$8),OR(클레임조회!$C$9="",$F15=클레임조회!$C$9),OR(클레임조회!$C$10="",ISNUMBER(SEARCH(클레임조회!$C$10,$C15&" "&$F15&" "&$G15&" "&$H15)))),COUNT(O$1:O14)+1,"") | P15: =IF(AND(TRIM(C15)<>"",COUNTIF(C$2:C15,C15)=1),MAX(P$1:P14)+1,"") | Q15: =IF(AND(TRIM(F15)<>"",COUNTIF(F$2:F15,F15)=1),MAX(Q$1:Q14)+1,"")
... K2000: =IF(ISNUMBER(B2000),YEAR(B2000),"") | L2000: =IF(ISNUMBER(B2000),MONTH(B2000),"") | M2000: =IF(AND(ISNUMBER(B2000),ISNUMBER(I2000)),B2000-I2000+1,"") | N2000: =IF(B2000="","",IF(M2000="","시작일 미입력",IF(M2000<1,"시작일 이전(확인)",IF(M2000=1,"1일째",IF(M2000=2,"2일째",IF(M2000=3,"3일째",IF(M2000<=7,"일주일 이내",IF(M2000<=14,"이주일 이내","15일 이후")))))))) | O2000: =IF(AND(COUNTA($A2000:$J2000)>0,OR(클레임조회!$C$4="",AND(ISNUMBER($B2000),$B2000>=클레임조회!$C$4)),OR(클레임조회!$C$5="",AND(ISNUMBER($B2000),$B2000<=클레임조회!$C$5)),OR(클레임조회!$C$6="",$C2000=클레임조회!$C$6),OR(클레임조회!$C$7="",$D2000=클레임조회!$C$7),OR(클레임조회!$C$8="",$E2000=클레임조회!$C$8),OR(클레임조회!$C$9="",$F2000=클레임조회!$C$9),OR(클레임조회!$C$10="",ISNUMBER(SEARCH(클레임조회!$C$10,$C2000&" "&$F2000&" "&$G2000&" "&$H2000)))),COUNT(O$1:O1999)+1,"") | P2000: =IF(AND(TRIM(C2000)<>"",COUNTIF(C$2:C2000,C2000)=1),MAX(P$1:P1999)+1,"") | Q2000: =IF(AND(TRIM(F2000)<>"",COUNTIF(F$2:F2000,F2000)=1),MAX(Q$1:Q1999)+1,"")

Sheet 분석보고서
B2: 클레임 접수 현황 분석 보고서
B3: 기준연도 | C3: 2026 | D3: 비교연도 | E3: =C3-1 -> 2025 | F3: ← 노란 칸의 연도를 바꾸면 보고서 전체가 그 연도 기준으로 바뀝니다.
B5: 올해 총 건수 | D5: 전년 총 건수 | F5: 전년 대비 증감률 | H5: 최다 클레임분류 | J5: 최다 제공인력 | L5: 재발 제공인력(2건↑)
B6: =COUNTIF(데이터_연도,기준연도) -> 2 | D6: =COUNTIF(데이터_연도,비교연도) -> 0 | F6: =IF(D6=0,"-",(B6-D6)/D6) -> - | H6: =IF(MAX(D10:D21)=0,"-",INDEX(B10:B21,MATCH(MAX(D10:D21),D10:D21,0))) -> 전문성 | J6: =IF(C42="","-",C42) -> 유은영 | L6: =COUNTIF(자동목록!B4:B203,">=2") -> 0
B7: =IF(AND(B6=SUM(D10:D21),B6=C65),"✔ 기준연도 모든 클레임이 분류·품목류에 집계되었습니다.","⚠ 집계 누락: 분류 "&(B6-SUM(D10:D21))&"건 / 품목류 "&(B6-C65)&"건 — 분류·품목류 미입력이거나 기준정보에 없는 항목입니다.") -> ✔ 기준연도 모든 클레임이 분류·품목류에 집계되었습니다.
B8: 1. 전년 대비 클레임 접수 건수 (클레임분류별)
B9: 구분 | C9: =비교연도&"년" -> 2025년 | D9: =기준연도&"년" -> 2026년 | E9: 증감건수 | F9: 증감률
B10: =IF(기준정보!B4="","",기준정보!B4) -> 전문성 | C10: =IF($B10="","",COUNTIFS(데이터_분류,$B10,데이터_연도,비교연도)) -> 0 | D10: =IF($B10="","",COUNTIFS(데이터_분류,$B10,데이터_연도,기준연도)) -> 1 | E10: =IF($B10="","",D10-C10) -> 1 | F10: =IF($B10="","",IF(C10=0,IF(D10=0,"-","신규"),E10/C10)) -> 신규
B11: =IF(기준정보!B5="","",기준정보!B5) -> 성실성 | C11: =IF($B11="","",COUNTIFS(데이터_분류,$B11,데이터_연도,비교연도)) -> 0 | D11: =IF($B11="","",COUNTIFS(데이터_분류,$B11,데이터_연도,기준연도)) -> 1 | E11: =IF($B11="","",D11-C11) -> 1 | F11: =IF($B11="","",IF(C11=0,IF(D11=0,"-","신규"),E11/C11)) -> 신규
B12: =IF(기준정보!B6="","",기준정보!B6) -> 책임감 | C12: =IF($B12="","",COUNTIFS(데이터_분류,$B12,데이터_연도,비교연도)) -> 0 | D12: =IF($B12="","",COUNTIFS(데이터_분류,$B12,데이터_연도,기준연도)) -> 0 | E12: =IF($B12="","",D12-C12) -> 0 | F12: =IF($B12="","",IF(C12=0,IF(D12=0,"-","신규"),E12/C12)) -> -
B13: =IF(기준정보!B7="","",기준정보!B7) -> 청결성 | C13: =IF($B13="","",COUNTIFS(데이터_분류,$B13,데이터_연도,비교연도)) -> 0 | D13: =IF($B13="","",COUNTIFS(데이터_분류,$B13,데이터_연도,기준연도)) -> 0 | E13: =IF($B13="","",D13-C13) -> 0 | F13: =IF($B13="","",IF(C13=0,IF(D13=0,"-","신규"),E13/C13)) -> -
B14: =IF(기준정보!B8="","",기준정보!B8) -> 배려·존중 | C14: =IF($B14="","",COUNTIFS(데이터_분류,$B14,데이터_연도,비교연도)) -> 0 | D14: =IF($B14="","",COUNTIFS(데이터_분류,$B14,데이터_연도,기준연도)) -> 0 | E14: =IF($B14="","",D14-C14) -> 0 | F14: =IF($B14="","",IF(C14=0,IF(D14=0,"-","신규"),E14/C14)) -> -
B15: =IF(기준정보!B9="","",기준정보!B9) -> 기타 | C15: =IF($B15="","",COUNTIFS(데이터_분류,$B15,데이터_연도,비교연도)) -> 0 | D15: =IF($B15="","",COUNTIFS(데이터_분류,$B15,데이터_연도,기준연도)) -> 0 | E15: =IF($B15="","",D15-C15) -> 0 | F15: =IF($B15="","",IF(C15=0,IF(D15=0,"-","신규"),E15/C15)) -> -
B16: =IF(기준정보!B10="","",기준정보!B10) | C16: =IF($B16="","",COUNTIFS(데이터_분류,$B16,데이터_연도,비교연도)) | D16: =IF($B16="","",COUNTIFS(데이터_분류,$B16,데이터_연도,기준연도)) | E16: =IF($B16="","",D16-C16) | F16: =IF($B16="","",IF(C16=0,IF(D16=0,"-","신규"),E16/C16))
B17: =IF(기준정보!B11="","",기준정보!B11) | C17: =IF($B17="","",COUNTIFS(데이터_분류,$B17,데이터_연도,비교연도)) | D17: =IF($B17="","",COUNTIFS(데이터_분류,$B17,데이터_연도,기준연도)) | E17: =IF($B17="","",D17-C17) | F17: =IF($B17="","",IF(C17=0,IF(D17=0,"-","신규"),E17/C17))
B18: =IF(기준정보!B12="","",기준정보!B12) | C18: =IF($B18="","",COUNTIFS(데이터_분류,$B18,데이터_연도,비교연도)) | D18: =IF($B18="","",COUNTIFS(데이터_분류,$B18,데이터_연도,기준연도)) | E18: =IF($B18="","",D18-C18) | F18: =IF($B18="","",IF(C18=0,IF(D18=0,"-","신규"),E18/C18))
B19: =IF(기준정보!B13="","",기준정보!B13) | C19: =IF($B19="","",COUNTIFS(데이터_분류,$B19,데이터_연도,비교연도)) | D19: =IF($B19="","",COUNTIFS(데이터_분류,$B19,데이터_연도,기준연도)) | E19: =IF($B19="","",D19-C19) | F19: =IF($B19="","",IF(C19=0,IF(D19=0,"-","신규"),E19/C19))
B20: =IF(기준정보!B14="","",기준정보!B14) | C20: =IF($B20="","",COUNTIFS(데이터_분류,$B20,데이터_연도,비교연도)) | D20: =IF($B20="","",COUNTIFS(데이터_분류,$B20,데이터_연도,기준연도)) | E20: =IF($B20="","",D20-C20) | F20: =IF($B20="","",IF(C20=0,IF(D20=0,"-","신규"),E20/C20))
B21: =IF(기준정보!B15="","",기준정보!B15) | C21: =IF($B21="","",COUNTIFS(데이터_분류,$B21,데이터_연도,비교연도)) | D21: =IF($B21="","",COUNTIFS(데이터_분류,$B21,데이터_연도,기준연도)) | E21: =IF($B21="","",D21-C21) | F21: =IF($B21="","",IF(C21=0,IF(D21=0,"-","신규"),E21/C21))
B22: 합계 | C22: =SUM(C10:C21) -> 0 | D22: =SUM(D10:D21) -> 2 | E22: =D22-C22 -> 2 | F22: =IF(C22=0,IF(D22=0,"-","신규"),E22/C22) -> 신규
B24: 2. 월별 클레임 추이
B25: 월 | C25: =비교연도&"년" -> 2025년 | D25: =기준연도&"년" -> 2026년 | E25: 증감건수
B26: 1 | C26: =COUNTIFS(데이터_월,$B26,데이터_연도,비교연도) -> 0 | D26: =COUNTIFS(데이터_월,$B26,데이터_연도,기준연도) -> 2 | E26: =D26-C26 -> 2
B27: 2 | C27: =COUNTIFS(데이터_월,$B27,데이터_연도,비교연도) -> 0 | D27: =COUNTIFS(데이터_월,$B27,데이터_연도,기준연도) -> 0 | E27: =D27-C27 -> 0
B28: 3 | C28: =COUNTIFS(데이터_월,$B28,데이터_연도,비교연도) -> 0 | D28: =COUNTIFS(데이터_월,$B28,데이터_연도,기준연도) -> 0 | E28: =D28-C28 -> 0
B29: 4 | C29: =COUNTIFS(데이터_월,$B29,데이터_연도,비교연도) -> 0 | D29: =COUNTIFS(데이터_월,$B29,데이터_연도,기준연도) -> 0 | E29: =D29-C29 -> 0
B30: 5 | C30: =COUNTIFS(데이터_월,$B30,데이터_연도,비교연도) -> 0 | D30: =COUNTIFS(데이터_월,$B30,데이터_연도,기준연도) -> 0 | E30: =D30-C30 -> 0
B31: 6 | C31: =COUNTIFS(데이터_월,$B31,데이터_연도,비교연도) -> 0 | D31: =COUNTIFS(데이터_월,$B31,데이터_연도,기준연도) -> 0 | E31: =D31-C31 -> 0
B32: 7 | C32: =COUNTIFS(데이터_월,$B32,데이터_연도,비교연도) -> 0 | D32: =COUNTIFS(데이터_월,$B32,데이터_연도,기준연도) -> 0 | E32: =D32-C32 -> 0
B33: 8 | C33: =COUNTIFS(데이터_월,$B33,데이터_연도,비교연도) -> 0 | D33: =COUNTIFS(데이터_월,$B33,데이터_연도,기준연도) -> 0 | E33: =D33-C33 -> 0
B34: 9 | C34: =COUNTIFS(데이터_월,$B34,데이터_연도,비교연도) -> 0 | D34: =COUNTIFS(데이터_월,$B34,데이터_연도,기준연도) -> 0 | E34: =D34-C34 -> 0
B35: 10 | C35: =COUNTIFS(데이터_월,$B35,데이터_연도,비교연도) -> 0 | D35: =COUNTIFS(데이터_월,$B35,데이터_연도,기준연도) -> 0 | E35: =D35-C35 -> 0
B36: 11 | C36: =COUNTIFS(데이터_월,$B36,데이터_연도,비교연도) -> 0 | D36: =COUNTIFS(데이터_월,$B36,데이터_연도,기준연도) -> 0 | E36: =D36-C36 -> 0
B37: 12 | C37: =COUNTIFS(데이터_월,$B37,데이터_연도,비교연도) -> 0 | D37: =COUNTIFS(데이터_월,$B37,데이터_연도,기준연도) -> 0 | E37: =D37-C37 -> 0
B38: 합계 | C38: =SUM(C26:C37) -> 0 | D38: =SUM(D26:D37) -> 2 | E38: =D38-C38 -> 2
B40: 3. 제공인력별 클레임 발생 건수 (기준연도 상위 10명 × 품목류)
B41: 순위 | C41: 제공인력 | D41: =IF(기준정보!A4="","",기준정보!A4) -> 산모신생아 | E41: =IF(기준정보!A5="","",기준정보!A5) -> 영유아 | F41: =IF(기준정보!A6="","",기준정보!A6) -> 가사서비스 | G41: =IF(기준정보!A7="","",기준정보!A7) -> 정리수납 | H41: =IF(기준정보!A8="","",기준정보!A8) -> 이유식전문가 | I41: =IF(기준정보!A9="","",기준정보!A9) | J41: =IF(기준정보!A10="","",기준정보!A10) | K41: =IF(기준정보!A11="","",기준정보!A11) | L41: 합계 | M41: 비율(%)
B42: 1 | C42: =IF(ISNUMBER(LARGE(자동목록!$C$4:$C$203,1)),IF(LARGE(자동목록!$C$4:$C$203,1)>0,INDEX(자동목록!$A$4:$A$203,MATCH(LARGE(자동목록!$C$4:$C$203,1),자동목록!$C$4:$C$203,0)),""),"") -> 유은영 | D42: =IF(OR($C42="",D$41=""),"",COUNTIFS(데이터_제공인력,$C42,데이터_품목류,D$41,데이터_연도,기준연도)) -> 1 | E42: =IF(OR($C42="",E$41=""),"",COUNTIFS(데이터_제공인력,$C42,데이터_품목류,E$41,데이터_연도,기준연도)) -> 0 | F42: =IF(OR($C42="",F$41=""),"",COUNTIFS(데이터_제공인력,$C42,데이터_품목류,F$41,데이터_연도,기준연도)) -> 0 | G42: =IF(OR($C42="",G$41=""),"",COUNTIFS(데이터_제공인력,$C42,데이터_품목류,G$41,데이터_연도,기준연도)) -> 0 | H42: =IF(OR($C42="",H$41=""),"",COUNTIFS(데이터_제공인력,$C42,데이터_품목류,H$41,데이터_연도,기준연도)) -> 0 | I42: =IF(OR($C42="",I$41=""),"",COUNTIFS(데이터_제공인력,$C42,데이터_품목류,I$41,데이터_연도,기준연도)) | J42: =IF(OR($C42="",J$41=""),"",COUNTIFS(데이터_제공인력,$C42,데이터_품목류,J$41,데이터_연도,기준연도)) | K42: =IF(OR($C42="",K$41=""),"",COUNTIFS(데이터_제공인력,$C42,데이터_품목류,K$41,데이터_연도,기준연도)) | L42: =IF($C42="","",COUNTIFS(데이터_제공인력,$C42,데이터_연도,기준연도)) -> 1 | M42: =IF($C42="","",IF($B$6=0,0,L42/$B$6)) -> 0.5
B43: 2 | C43: =IF(ISNUMBER(LARGE(자동목록!$C$4:$C$203,2)),IF(LARGE(자동목록!$C$4:$C$203,2)>0,INDEX(자동목록!$A$4:$A$203,MATCH(LARGE(자동목록!$C$4:$C$203,2),자동목록!$C$4:$C$203,0)),""),"") | D43: =IF(OR($C43="",D$41=""),"",COUNTIFS(데이터_제공인력,$C43,데이터_품목류,D$41,데이터_연도,기준연도)) | E43: =IF(OR($C43="",E$41=""),"",COUNTIFS(데이터_제공인력,$C43,데이터_품목류,E$41,데이터_연도,기준연도)) | F43: =IF(OR($C43="",F$41=""),"",COUNTIFS(데이터_제공인력,$C43,데이터_품목류,F$41,데이터_연도,기준연도)) | G43: =IF(OR($C43="",G$41=""),"",COUNTIFS(데이터_제공인력,$C43,데이터_품목류,G$41,데이터_연도,기준연도)) | H43: =IF(OR($C43="",H$41=""),"",COUNTIFS(데이터_제공인력,$C43,데이터_품목류,H$41,데이터_연도,기준연도)) | I43: =IF(OR($C43="",I$41=""),"",COUNTIFS(데이터_제공인력,$C43,데이터_품목류,I$41,데이터_연도,기준연도)) | J43: =IF(OR($C43="",J$41=""),"",COUNTIFS(데이터_제공인력,$C43,데이터_품목류,J$41,데이터_연도,기준연도)) | K43: =IF(OR($C43="",K$41=""),"",COUNTIFS(데이터_제공인력,$C43,데이터_품목류,K$41,데이터_연도,기준연도)) | L43: =IF($C43="","",COUNTIFS(데이터_제공인력,$C43,데이터_연도,기준연도)) | M43: =IF($C43="","",IF($B$6=0,0,L43/$B$6))
B44: 3 | C44: =IF(ISNUMBER(LARGE(자동목록!$C$4:$C$203,3)),IF(LARGE(자동목록!$C$4:$C$203,3)>0,INDEX(자동목록!$A$4:$A$203,MATCH(LARGE(자동목록!$C$4:$C$203,3),자동목록!$C$4:$C$203,0)),""),"") | D44: =IF(OR($C44="",D$41=""),"",COUNTIFS(데이터_제공인력,$C44,데이터_품목류,D$41,데이터_연도,기준연도)) | E44: =IF(OR($C44="",E$41=""),"",COUNTIFS(데이터_제공인력,$C44,데이터_품목류,E$41,데이터_연도,기준연도)) | F44: =IF(OR($C44="",F$41=""),"",COUNTIFS(데이터_제공인력,$C44,데이터_품목류,F$41,데이터_연도,기준연도)) | G44: =IF(OR($C44="",G$41=""),"",COUNTIFS(데이터_제공인력,$C44,데이터_품목류,G$41,데이터_연도,기준연도)) | H44: =IF(OR($C44="",H$41=""),"",COUNTIFS(데이터_제공인력,$C44,데이터_품목류,H$41,데이터_연도,기준연도)) | I44: =IF(OR($C44="",I$41=""),"",COUNTIFS(데이터_제공인력,$C44,데이터_품목류,I$41,데이터_연도,기준연도)) | J44: =IF(OR($C44="",J$41=""),"",COUNTIFS(데이터_제공인력,$C44,데이터_품목류,J$41,데이터_연도,기준연도)) | K44: =IF(OR($C44="",K$41=""),"",COUNTIFS(데이터_제공인력,$C44,데이터_품목류,K$41,데이터_연도,기준연도)) | L44: =IF($C44="","",COUNTIFS(데이터_제공인력,$C44,데이터_연도,기준연도)) | M44: =IF($C44="","",IF($B$6=0,0,L44/$B$6))
B45: 4 | C45: =IF(ISNUMBER(LARGE(자동목록!$C$4:$C$203,4)),IF(LARGE(자동목록!$C$4:$C$203,4)>0,INDEX(자동목록!$A$4:$A$203,MATCH(LARGE(자동목록!$C$4:$C$203,4),자동목록!$C$4:$C$203,0)),""),"") | D45: =IF(OR($C45="",D$41=""),"",COUNTIFS(데이터_제공인력,$C45,데이터_품목류,D$41,데이터_연도,기준연도)) | E45: =IF(OR($C45="",E$41=""),"",COUNTIFS(데이터_제공인력,$C45,데이터_품목류,E$41,데이터_연도,기준연도)) | F45: =IF(OR($C45="",F$41=""),"",COUNTIFS(데이터_제공인력,$C45,데이터_품목류,F$41,데이터_연도,기준연도)) | G45: =IF(OR($C45="",G$41=""),"",COUNTIFS(데이터_제공인력,$C45,데이터_품목류,G$41,데이터_연도,기준연도)) | H45: =IF(OR($C45="",H$41=""),"",COUNTIFS(데이터_제공인력,$C45,데이터_품목류,H$41,데이터_연도,기준연도)) | I45: =IF(OR($C45="",I$41=""),"",COUNTIFS(데이터_제공인력,$C45,데이터_품목류,I$41,데이터_연도,기준연도)) | J45: =IF(OR($C45="",J$41=""),"",COUNTIFS(데이터_제공인력,$C45,데이터_품목류,J$41,데이터_연도,기준연도)) | K45: =IF(OR($C45="",K$41=""),"",COUNTIFS(데이터_제공인력,$C45,데이터_품목류,K$41,데이터_연도,기준연도)) | L45: =IF($C45="","",COUNTIFS(데이터_제공인력,$C45,데이터_연도,기준연도)) | M45: =IF($C45="","",IF($B$6=0,0,L45/$B$6))
B46: 5 | C46: =IF(ISNUMBER(LARGE(자동목록!$C$4:$C$203,5)),IF(LARGE(자동목록!$C$4:$C$203,5)>0,INDEX(자동목록!$A$4:$A$203,MATCH(LARGE(자동목록!$C$4:$C$203,5),자동목록!$C$4:$C$203,0)),""),"") | D46: =IF(OR($C46="",D$41=""),"",COUNTIFS(데이터_제공인력,$C46,데이터_품목류,D$41,데이터_연도,기준연도)) | E46: =IF(OR($C46="",E$41=""),"",COUNTIFS(데이터_제공인력,$C46,데이터_품목류,E$41,데이터_연도,기준연도)) | F46: =IF(OR($C46="",F$41=""),"",COUNTIFS(데이터_제공인력,$C46,데이터_품목류,F$41,데이터_연도,기준연도)) | G46: =IF(OR($C46="",G$41=""),"",COUNTIFS(데이터_제공인력,$C46,데이터_품목류,G$41,데이터_연도,기준연도)) | H46: =IF(OR($C46="",H$41=""),"",COUNTIFS(데이터_제공인력,$C46,데이터_품목류,H$41,데이터_연도,기준연도)) | I46: =IF(OR($C46="",I$41=""),"",COUNTIFS(데이터_제공인력,$C46,데이터_품목류,I$41,데이터_연도,기준연도)) | J46: =IF(OR($C46="",J$41=""),"",COUNTIFS(데이터_제공인력,$C46,데이터_품목류,J$41,데이터_연도,기준연도)) | K46: =IF(OR($C46="",K$41=""),"",COUNTIFS(데이터_제공인력,$C46,데이터_품목류,K$41,데이터_연도,기준연도)) | L46: =IF($C46="","",COUNTIFS(데이터_제공인력,$C46,데이터_연도,기준연도)) | M46: =IF($C46="","",IF($B$6=0,0,L46/$B$6))
B47: 6 | C47: =IF(ISNUMBER(LARGE(자동목록!$C$4:$C$203,6)),IF(LARGE(자동목록!$C$4:$C$203,6)>0,INDEX(자동목록!$A$4:$A$203,MATCH(LARGE(자동목록!$C$4:$C$203,6),자동목록!$C$4:$C$203,0)),""),"") | D47: =IF(OR($C47="",D$41=""),"",COUNTIFS(데이터_제공인력,$C47,데이터_품목류,D$41,데이터_연도,기준연도)) | E47: =IF(OR($C47="",E$41=""),"",COUNTIFS(데이터_제공인력,$C47,데이터_품목류,E$41,데이터_연도,기준연도)) | F47: =IF(OR($C47="",F$41=""),"",COUNTIFS(데이터_제공인력,$C47,데이터_품목류,F$41,데이터_연도,기준연도)) | G47: =IF(OR($C47="",G$41=""),"",COUNTIFS(데이터_제공인력,$C47,데이터_품목류,G$41,데이터_연도,기준연도)) | H47: =IF(OR($C47="",H$41=""),"",COUNTIFS(데이터_제공인력,$C47,데이터_품목류,H$41,데이터_연도,기준연도)) | I47: =IF(OR($C47="",I$41=""),"",COUNTIFS(데이터_제공인력,$C47,데이터_품목류,I$41,데이터_연도,기준연도)) | J47: =IF(OR($C47="",J$41=""),"",COUNTIFS(데이터_제공인력,$C47,데이터_품목류,J$41,데이터_연도,기준연도)) | K47: =IF(OR($C47="",K$41=""),"",COUNTIFS(데이터_제공인력,$C47,데이터_품목류,K$41,데이터_연도,기준연도)) | L47: =IF($C47="","",COUNTIFS(데이터_제공인력,$C47,데이터_연도,기준연도)) | M47: =IF($C47="","",IF($B$6=0,0,L47/$B$6))
B48: 7 | C48: =IF(ISNUMBER(LARGE(자동목록!$C$4:$C$203,7)),IF(LARGE(자동목록!$C$4:$C$203,7)>0,INDEX(자동목록!$A$4:$A$203,MATCH(LARGE(자동목록!$C$4:$C$203,7),자동목록!$C$4:$C$203,0)),""),"") | D48: =IF(OR($C48="",D$41=""),"",COUNTIFS(데이터_제공인력,$C48,데이터_품목류,D$41,데이터_연도,기준연도)) | E48: =IF(OR($C48="",E$41=""),"",COUNTIFS(데이터_제공인력,$C48,데이터_품목류,E$41,데이터_연도,기준연도)) | F48: =IF(OR($C48="",F$41=""),"",COUNTIFS(데이터_제공인력,$C48,데이터_품목류,F$41,데이터_연도,기준연도)) | G48: =IF(OR($C48="",G$41=""),"",COUNTIFS(데이터_제공인력,$C48,데이터_품목류,G$41,데이터_연도,기준연도)) | H48: =IF(OR($C48="",H$41=""),"",COUNTIFS(데이터_제공인력,$C48,데이터_품목류,H$41,데이터_연도,기준연도)) | I48: =IF(OR($C48="",I$41=""),"",COUNTIFS(데이터_제공인력,$C48,데이터_품목류,I$41,데이터_연도,기준연도)) | J48: =IF(OR($C48="",J$41=""),"",COUNTIFS(데이터_제공인력,$C48,데이터_품목류,J$41,데이터_연도,기준연도)) | K48: =IF(OR($C48="",K$41=""),"",COUNTIFS(데이터_제공인력,$C48,데이터_품목류,K$41,데이터_연도,기준연도)) | L48: =IF($C48="","",COUNTIFS(데이터_제공인력,$C48,데이터_연도,기준연도)) | M48: =IF($C48="","",IF($B$6=0,0,L48/$B$6))
B49: 8 | C49: =IF(ISNUMBER(LARGE(자동목록!$C$4:$C$203,8)),IF(LARGE(자동목록!$C$4:$C$203,8)>0,INDEX(자동목록!$A$4:$A$203,MATCH(LARGE(자동목록!$C$4:$C$203,8),자동목록!$C$4:$C$203,0)),""),"") | D49: =IF(OR($C49="",D$41=""),"",COUNTIFS(데이터_제공인력,$C49,데이터_품목류,D$41,데이터_연도,기준연도)) | E49: =IF(OR($C49="",E$41=""),"",COUNTIFS(데이터_제공인력,$C49,데이터_품목류,E$41,데이터_연도,기준연도)) | F49: =IF(OR($C49="",F$41=""),"",COUNTIFS(데이터_제공인력,$C49,데이터_품목류,F$41,데이터_연도,기준연도)) | G49: =IF(OR($C49="",G$41=""),"",COUNTIFS(데이터_제공인력,$C49,데이터_품목류,G$41,데이터_연도,기준연도)) | H49: =IF(OR($C49="",H$41=""),"",COUNTIFS(데이터_제공인력,$C49,데이터_품목류,H$41,데이터_연도,기준연도)) | I49: =IF(OR($C49="",I$41=""),"",COUNTIFS(데이터_제공인력,$C49,데이터_품목류,I$41,데이터_연도,기준연도)) | J49: =IF(OR($C49="",J$41=""),"",COUNTIFS(데이터_제공인력,$C49,데이터_품목류,J$41,데이터_연도,기준연도)) | K49: =IF(OR($C49="",K$41=""),"",COUNTIFS(데이터_제공인력,$C49,데이터_품목류,K$41,데이터_연도,기준연도)) | L49: =IF($C49="","",COUNTIFS(데이터_제공인력,$C49,데이터_연도,기준연도)) | M49: =IF($C49="","",IF($B$6=0,0,L49/$B$6))
B50: 9 | C50: =IF(ISNUMBER(LARGE(자동목록!$C$4:$C$203,9)),IF(LARGE(자동목록!$C$4:$C$203,9)>0,INDEX(자동목록!$A$4:$A$203,MATCH(LARGE(자동목록!$C$4:$C$203,9),자동목록!$C$4:$C$203,0)),""),"") | D50: =IF(OR($C50="",D$41=""),"",COUNTIFS(데이터_제공인력,$C50,데이터_품목류,D$41,데이터_연도,기준연도)) | E50: =IF(OR($C50="",E$41=""),"",COUNTIFS(데이터_제공인력,$C50,데이터_품목류,E$41,데이터_연도,기준연도)) | F50: =IF(OR($C50="",F$41=""),"",COUNTIFS(데이터_제공인력,$C50,데이터_품목류,F$41,데이터_연도,기준연도)) | G50: =IF(OR($C50="",G$41=""),"",COUNTIFS(데이터_제공인력,$C50,데이터_품목류,G$41,데이터_연도,기준연도)) | H50: =IF(OR($C50="",H$41=""),"",COUNTIFS(데이터_제공인력,$C50,데이터_품목류,H$41,데이터_연도,기준연도)) | I50: =IF(OR($C50="",I$41=""),"",COUNTIFS(데이터_제공인력,$C50,데이터_품목류,I$41,데이터_연도,기준연도)) | J50: =IF(OR($C50="",J$41=""),"",COUNTIFS(데이터_제공인력,$C50,데이터_품목류,J$41,데이터_연도,기준연도)) | K50: =IF(OR($C50="",K$41=""),"",COUNTIFS(데이터_제공인력,$C50,데이터_품목류,K$41,데이터_연도,기준연도)) | L50: =IF($C50="","",COUNTIFS(데이터_제공인력,$C50,데이터_연도,기준연도)) | M50: =IF($C50="","",IF($B$6=0,0,L50/$B$6))
B51: 10 | C51: =IF(ISNUMBER(LARGE(자동목록!$C$4:$C$203,10)),IF(LARGE(자동목록!$C$4:$C$203,10)>0,INDEX(자동목록!$A$4:$A$203,MATCH(LARGE(자동목록!$C$4:$C$203,10),자동목록!$C$4:$C$203,0)),""),"") | D51: =IF(OR($C51="",D$41=""),"",COUNTIFS(데이터_제공인력,$C51,데이터_품목류,D$41,데이터_연도,기준연도)) | E51: =IF(OR($C51="",E$41=""),"",COUNTIFS(데이터_제공인력,$C51,데이터_품목류,E$41,데이터_연도,기준연도)) | F51: =IF(OR($C51="",F$41=""),"",COUNTIFS(데이터_제공인력,$C51,데이터_품목류,F$41,데이터_연도,기준연도)) | G51: =IF(OR($C51="",G$41=""),"",COUNTIFS(데이터_제공인력,$C51,데이터_품목류,G$41,데이터_연도,기준연도)) | H51: =IF(OR($C51="",H$41=""),"",COUNTIFS(데이터_제공인력,$C51,데이터_품목류,H$41,데이터_연도,기준연도)) | I51: =IF(OR($C51="",I$41=""),"",COUNTIFS(데이터_제공인력,$C51,데이터_품목류,I$41,데이터_연도,기준연도)) | J51: =IF(OR($C51="",J$41=""),"",COUNTIFS(데이터_제공인력,$C51,데이터_품목류,J$41,데이터_연도,기준연도)) | K51: =IF(OR($C51="",K$41=""),"",COUNTIFS(데이터_제공인력,$C51,데이터_품목류,K$41,데이터_연도,기준연도)) | L51: =IF($C51="","",COUNTIFS(데이터_제공인력,$C51,데이터_연도,기준연도)) | M51: =IF($C51="","",IF($B$6=0,0,L51/$B$6))
B52: 합계 | D52: =SUM(D42:D51) -> 1 | E52: =SUM(E42:E51) -> 0 | F52: =SUM(F42:F51) -> 0 | G52: =SUM(G42:G51) -> 0 | H52: =SUM(H42:H51) -> 0 | I52: =SUM(I42:I51) -> 0 | J52: =SUM(J42:J51) -> 0 | K52: =SUM(K42:K51) -> 0 | L52: =SUM(L42:L51) -> 1 | M52: =IF($B$6=0,0,L52/$B$6) -> 0.5
B53: ※ 상위 10명 합계입니다. 전체 인력별 건수는 자동목록 시트에서 확인할 수 있습니다.
B55: 4. 품목류별 클레임 건수 (기준연도)
B56: 품목류 | C56: 건수 | D56: 비율(%)
B57: =IF(기준정보!A4="","",기준정보!A4) -> 산모신생아 | C57: =IF($B57="","",COUNTIFS(데이터_품목류,$B57,데이터_연도,기준연도)) -> 1 | D57: =IF($B57="","",IF($C$65=0,0,C57/$C$65)) -> 0.5
B58: =IF(기준정보!A5="","",기준정보!A5) -> 영유아 | C58: =IF($B58="","",COUNTIFS(데이터_품목류,$B58,데이터_연도,기준연도)) -> 1 | D58: =IF($B58="","",IF($C$65=0,0,C58/$C$65)) -> 0.5
B59: =IF(기준정보!A6="","",기준정보!A6) -> 가사서비스 | C59: =IF($B59="","",COUNTIFS(데이터_품목류,$B59,데이터_연도,기준연도)) -> 0 | D59: =IF($B59="","",IF($C$65=0,0,C59/$C$65)) -> 0
B60: =IF(기준정보!A7="","",기준정보!A7) -> 정리수납 | C60: =IF($B60="","",COUNTIFS(데이터_품목류,$B60,데이터_연도,기준연도)) -> 0 | D60: =IF($B60="","",IF($C$65=0,0,C60/$C$65)) -> 0
B61: =IF(기준정보!A8="","",기준정보!A8) -> 이유식전문가 | C61: =IF($B61="","",COUNTIFS(데이터_품목류,$B61,데이터_연도,기준연도)) -> 0 | D61: =IF($B61="","",IF($C$65=0,0,C61/$C$65)) -> 0
B62: =IF(기준정보!A9="","",기준정보!A9) | C62: =IF($B62="","",COUNTIFS(데이터_품목류,$B62,데이터_연도,기준연도)) | D62: =IF($B62="","",IF($C$65=0,0,C62/$C$65))
B63: =IF(기준정보!A10="","",기준정보!A10) | C63: =IF($B63="","",COUNTIFS(데이터_품목류,$B63,데이터_연도,기준연도)) | D63: =IF($B63="","",IF($C$65=0,0,C63/$C$65))
B64: =IF(기준정보!A11="","",기준정보!A11) | C64: =IF($B64="","",COUNTIFS(데이터_품목류,$B64,데이터_연도,기준연도)) | D64: =IF($B64="","",IF($C$65=0,0,C64/$C$65))
B65: 합계 | C65: =SUM(C57:C64) -> 2 | D65: =IF(C65=0,0,C65/C65) -> 1
B67: 5. 클레임 내용 TOP 10 (기준연도)
B68: 순위 | C68: 내용 | F68: 건수 | G68: 비율(%)
B69: 1 | C69: =IF(ISNUMBER(LARGE(자동목록!$G$4:$G$103,1)),IF(LARGE(자동목록!$G$4:$G$103,1)>0,INDEX(자동목록!$E$4:$E$103,MATCH(LARGE(자동목록!$G$4:$G$103,1),자동목록!$G$4:$G$103,0)),""),"") -> 조기퇴근 | F69: =IF($C69="","",COUNTIFS(데이터_내용,$C69,데이터_연도,기준연도)) -> 1 | G69: =IF($C69="","",IF($B$6=0,0,F69/$B$6)) -> 0.5
B70: 2 | C70: =IF(ISNUMBER(LARGE(자동목록!$G$4:$G$103,2)),IF(LARGE(자동목록!$G$4:$G$103,2)>0,INDEX(자동목록!$E$4:$E$103,MATCH(LARGE(자동목록!$G$4:$G$103,2),자동목록!$G$4:$G$103,0)),""),"") -> 휴대폰사용 | F70: =IF($C70="","",COUNTIFS(데이터_내용,$C70,데이터_연도,기준연도)) -> 1 | G70: =IF($C70="","",IF($B$6=0,0,F70/$B$6)) -> 0.5
B71: 3 | C71: =IF(ISNUMBER(LARGE(자동목록!$G$4:$G$103,3)),IF(LARGE(자동목록!$G$4:$G$103,3)>0,INDEX(자동목록!$E$4:$E$103,MATCH(LARGE(자동목록!$G$4:$G$103,3),자동목록!$G$4:$G$103,0)),""),"") | F71: =IF($C71="","",COUNTIFS(데이터_내용,$C71,데이터_연도,기준연도)) | G71: =IF($C71="","",IF($B$6=0,0,F71/$B$6))
B72: 4 | C72: =IF(ISNUMBER(LARGE(자동목록!$G$4:$G$103,4)),IF(LARGE(자동목록!$G$4:$G$103,4)>0,INDEX(자동목록!$E$4:$E$103,MATCH(LARGE(자동목록!$G$4:$G$103,4),자동목록!$G$4:$G$103,0)),""),"") | F72: =IF($C72="","",COUNTIFS(데이터_내용,$C72,데이터_연도,기준연도)) | G72: =IF($C72="","",IF($B$6=0,0,F72/$B$6))
B73: 5 | C73: =IF(ISNUMBER(LARGE(자동목록!$G$4:$G$103,5)),IF(LARGE(자동목록!$G$4:$G$103,5)>0,INDEX(자동목록!$E$4:$E$103,MATCH(LARGE(자동목록!$G$4:$G$103,5),자동목록!$G$4:$G$103,0)),""),"") | F73: =IF($C73="","",COUNTIFS(데이터_내용,$C73,데이터_연도,기준연도)) | G73: =IF($C73="","",IF($B$6=0,0,F73/$B$6))
B74: 6 | C74: =IF(ISNUMBER(LARGE(자동목록!$G$4:$G$103,6)),IF(LARGE(자동목록!$G$4:$G$103,6)>0,INDEX(자동목록!$E$4:$E$103,MATCH(LARGE(자동목록!$G$4:$G$103,6),자동목록!$G$4:$G$103,0)),""),"") | F74: =IF($C74="","",COUNTIFS(데이터_내용,$C74,데이터_연도,기준연도)) | G74: =IF($C74="","",IF($B$6=0,0,F74/$B$6))
B75: 7 | C75: =IF(ISNUMBER(LARGE(자동목록!$G$4:$G$103,7)),IF(LARGE(자동목록!$G$4:$G$103,7)>0,INDEX(자동목록!$E$4:$E$103,MATCH(LARGE(자동목록!$G$4:$G$103,7),자동목록!$G$4:$G$103,0)),""),"") | F75: =IF($C75="","",COUNTIFS(데이터_내용,$C75,데이터_연도,기준연도)) | G75: =IF($C75="","",IF($B$6=0,0,F75/$B$6))
B76: 8 | C76: =IF(ISNUMBER(LARGE(자동목록!$G$4:$G$103,8)),IF(LARGE(자동목록!$G$4:$G$103,8)>0,INDEX(자동목록!$E$4:$E$103,MATCH(LARGE(자동목록!$G$4:$G$103,8),자동목록!$G$4:$G$103,0)),""),"") | F76: =IF($C76="","",COUNTIFS(데이터_내용,$C76,데이터_연도,기준연도)) | G76: =IF($C76="","",IF($B$6=0,0,F76/$B$6))
B77: 9 | C77: =IF(ISNUMBER(LARGE(자동목록!$G$4:$G$103,9)),IF(LARGE(자동목록!$G$4:$G$103,9)>0,INDEX(자동목록!$E$4:$E$103,MATCH(LARGE(자동목록!$G$4:$G$103,9),자동목록!$G$4:$G$103,0)),""),"") | F77: =IF($C77="","",COUNTIFS(데이터_내용,$C77,데이터_연도,기준연도)) | G77: =IF($C77="","",IF($B$6=0,0,F77/$B$6))
B78: 10 | C78: =IF(ISNUMBER(LARGE(자동목록!$G$4:$G$103,10)),IF(LARGE(자동목록!$G$4:$G$103,10)>0,INDEX(자동목록!$E$4:$E$103,MATCH(LARGE(자동목록!$G$4:$G$103,10),자동목록!$G$4:$G$103,0)),""),"") | F78: =IF($C78="","",COUNTIFS(데이터_내용,$C78,데이터_연도,기준연도)) | G78: =IF($C78="","",IF($B$6=0,0,F78/$B$6))
B80: 6. 서비스 시작 후 경과일 · 조치별 현황 (기준연도)
B81: 경과구간 | C81: =IF(기준정보!C4="","",기준정보!C4) -> 제공인력 교체 | D81: =IF(기준정보!C5="","",기준정보!C5) -> 서비스 중지 | E81: =IF(기준정보!C6="","",기준정보!C6) -> 주의·교육 | F81: =IF(기준정보!C7="","",기준정보!C7) -> 기타 조치 | G81: 전체 클레임
B82: 1일째 | C82: =IF(C$81="","",COUNTIFS(데이터_경과구간,$B82,데이터_조치,C$81,데이터_연도,기준연도)) -> 0 | D82: =IF(D$81="","",COUNTIFS(데이터_경과구간,$B82,데이터_조치,D$81,데이터_연도,기준연도)) -> 0 | E82: =IF(E$81="","",COUNTIFS(데이터_경과구간,$B82,데이터_조치,E$81,데이터_연도,기준연도)) -> 0 | F82: =IF(F$81="","",COUNTIFS(데이터_경과구간,$B82,데이터_조치,F$81,데이터_연도,기준연도)) -> 0 | G82: =COUNTIFS(데이터_경과구간,$B82,데이터_연도,기준연도) -> 0
B83: 2일째 | C83: =IF(C$81="","",COUNTIFS(데이터_경과구간,$B83,데이터_조치,C$81,데이터_연도,기준연도)) -> 0 | D83: =IF(D$81="","",COUNTIFS(데이터_경과구간,$B83,데이터_조치,D$81,데이터_연도,기준연도)) -> 0 | E83: =IF(E$81="","",COUNTIFS(데이터_경과구간,$B83,데이터_조치,E$81,데이터_연도,기준연도)) -> 0 | F83: =IF(F$81="","",COUNTIFS(데이터_경과구간,$B83,데이터_조치,F$81,데이터_연도,기준연도)) -> 0 | G83: =COUNTIFS(데이터_경과구간,$B83,데이터_연도,기준연도) -> 0
B84: 3일째 | C84: =IF(C$81="","",COUNTIFS(데이터_경과구간,$B84,데이터_조치,C$81,데이터_연도,기준연도)) -> 0 | D84: =IF(D$81="","",COUNTIFS(데이터_경과구간,$B84,데이터_조치,D$81,데이터_연도,기준연도)) -> 0 | E84: =IF(E$81="","",COUNTIFS(데이터_경과구간,$B84,데이터_조치,E$81,데이터_연도,기준연도)) -> 0 | F84: =IF(F$81="","",COUNTIFS(데이터_경과구간,$B84,데이터_조치,F$81,데이터_연도,기준연도)) -> 0 | G84: =COUNTIFS(데이터_경과구간,$B84,데이터_연도,기준연도) -> 0
B85: 일주일 이내 | C85: =IF(C$81="","",COUNTIFS(데이터_경과구간,$B85,데이터_조치,C$81,데이터_연도,기준연도)) -> 0 | D85: =IF(D$81="","",COUNTIFS(데이터_경과구간,$B85,데이터_조치,D$81,데이터_연도,기준연도)) -> 0 | E85: =IF(E$81="","",COUNTIFS(데이터_경과구간,$B85,데이터_조치,E$81,데이터_연도,기준연도)) -> 0 | F85: =IF(F$81="","",COUNTIFS(데이터_경과구간,$B85,데이터_조치,F$81,데이터_연도,기준연도)) -> 0 | G85: =COUNTIFS(데이터_경과구간,$B85,데이터_연도,기준연도) -> 0
B86: 이주일 이내 | C86: =IF(C$81="","",COUNTIFS(데이터_경과구간,$B86,데이터_조치,C$81,데이터_연도,기준연도)) -> 0 | D86: =IF(D$81="","",COUNTIFS(데이터_경과구간,$B86,데이터_조치,D$81,데이터_연도,기준연도)) -> 0 | E86: =IF(E$81="","",COUNTIFS(데이터_경과구간,$B86,데이터_조치,E$81,데이터_연도,기준연도)) -> 0 | F86: =IF(F$81="","",COUNTIFS(데이터_경과구간,$B86,데이터_조치,F$81,데이터_연도,기준연도)) -> 0 | G86: =COUNTIFS(데이터_경과구간,$B86,데이터_연도,기준연도) -> 0
B87: 15일 이후 | C87: =IF(C$81="","",COUNTIFS(데이터_경과구간,$B87,데이터_조치,C$81,데이터_연도,기준연도)) -> 0 | D87: =IF(D$81="","",COUNTIFS(데이터_경과구간,$B87,데이터_조치,D$81,데이터_연도,기준연도)) -> 0 | E87: =IF(E$81="","",COUNTIFS(데이터_경과구간,$B87,데이터_조치,E$81,데이터_연도,기준연도)) -> 0 | F87: =IF(F$81="","",COUNTIFS(데이터_경과구간,$B87,데이터_조치,F$81,데이터_연도,기준연도)) -> 0 | G87: =COUNTIFS(데이터_경과구간,$B87,데이터_연도,기준연도) -> 0
B88: 시작일 이전(확인) | C88: =IF(C$81="","",COUNTIFS(데이터_경과구간,$B88,데이터_조치,C$81,데이터_연도,기준연도)) -> 0 | D88: =IF(D$81="","",COUNTIFS(데이터_경과구간,$B88,데이터_조치,D$81,데이터_연도,기준연도)) -> 0 | E88: =IF(E$81="","",COUNTIFS(데이터_경과구간,$B88,데이터_조치,E$81,데이터_연도,기준연도)) -> 0 | F88: =IF(F$81="","",COUNTIFS(데이터_경과구간,$B88,데이터_조치,F$81,데이터_연도,기준연도)) -> 0 | G88: =COUNTIFS(데이터_경과구간,$B88,데이터_연도,기준연도) -> 0
B89: 시작일 미입력 | C89: =IF(C$81="","",COUNTIFS(데이터_경과구간,$B89,데이터_조치,C$81,데이터_연도,기준연도)) -> 0 | D89: =IF(D$81="","",COUNTIFS(데이터_경과구간,$B89,데이터_조치,D$81,데이터_연도,기준연도)) -> 0 | E89: =IF(E$81="","",COUNTIFS(데이터_경과구간,$B89,데이터_조치,E$81,데이터_연도,기준연도)) -> 0 | F89: =IF(F$81="","",COUNTIFS(데이터_경과구간,$B89,데이터_조치,F$81,데이터_연도,기준연도)) -> 0 | G89: =COUNTIFS(데이터_경과구간,$B89,데이터_연도,기준연도) -> 2
B90: 합계 | C90: =SUM(C82:C89) -> 0 | D90: =SUM(D82:D89) -> 0 | E90: =SUM(E82:E89) -> 0 | F90: =SUM(F82:F89) -> 0 | G90: =SUM(G82:G89) -> 2
B91: ※ 경과일 = 날짜 − 서비스시작일 + 1 (시작일 당일이 1일째). 클레임목록에 서비스시작일을 입력해야 집계됩니다.

Sheet 클레임조회
B2: 클레임 조회 (데이터 필터)
B3: 조건을 고르거나 입력하면 아래에 일치하는 클레임만 나타납니다. 비워 두면 전체이며, 조건을 지우면(Delete) 해제됩니다.
B4: 시작일 | F4: 날짜 예: 2026-03-01
B5: 종료일
B6: 제공인력 | F6: 목록에 없어도 직접 입력 가능
B7: 품목류
B8: 클레임분류
B9: 내용
B10: 키워드 | F10: 제공인력·내용·점검결과·이용자 안에서 검색
B11: 일치 건수 | C11: =COUNT(클레임목록!$O$2:$O$2000) -> 2 | E11: =IF(C11>100,"⚠ 100건까지만 표시됩니다. 조건을 좁혀 주세요.","")
B13: 번호 | C13: 관리번호 | D13: 날짜 | E13: 제공인력 | F13: 품목류 | G13: 클레임분류 | H13: 내용 | I13: 점검결과 | J13: 이용자 | K13: 서비스시작일 | L13: 조치
B14: =IF(1<=$C$11,1,"") -> 1 | C14: =IF($B14="","",IF(INDEX(클레임목록!$A$2:$A$2000,MATCH($B14,클레임목록!$O$2:$O$2000,0))="","",INDEX(클레임목록!$A$2:$A$2000,MATCH($B14,클레임목록!$O$2:$O$2000,0)))) -> 240624 | D14: =IF($B14="","",IF(INDEX(클레임목록!$B$2:$B$2000,MATCH($B14,클레임목록!$O$2:$O$2000,0))="","",INDEX(클레임목록!$B$2:$B$2000,MATCH($B14,클레임목록!$O$2:$O$2000,0)))) -> 46036 | E14: =IF($B14="","",IF(INDEX(클레임목록!$C$2:$C$2000,MATCH($B14,클레임목록!$O$2:$O$2000,0))="","",INDEX(클레임목록!$C$2:$C$2000,MATCH($B14,클레임목록!$O$2:$O$2000,0)))) -> 유은영 | F14: =IF($B14="","",IF(INDEX(클레임목록!$D$2:$D$2000,MATCH($B14,클레임목록!$O$2:$O$2000,0))="","",INDEX(클레임목록!$D$2:$D$2000,MATCH($B14,클레임목록!$O$2:$O$2000,0)))) -> 산모신생아 | G14: =IF($B14="","",IF(INDEX(클레임목록!$E$2:$E$2000,MATCH($B14,클레임목록!$O$2:$O$2000,0))="","",INDEX(클레임목록!$E$2:$E$2000,MATCH($B14,클레임목록!$O$2:$O$2000,0)))) -> 전문성 | H14: =IF($B14="","",IF(INDEX(클레임목록!$F$2:$F$2000,MATCH($B14,클레임목록!$O$2:$O$2000,0))="","",INDEX(클레임목록!$F$2:$F$2000,MATCH($B14,클레임목록!$O$2:$O$2000,0)))) -> 조기퇴근 | I14: =IF($B14="","",IF(INDEX(클레임목록!$G$2:$G$2000,MATCH($B14,클레임목록!$O$2:$O$2000,0))="","",INDEX(클레임목록!$G$2:$G$2000,MATCH($B14,클레임목록!$O$2:$O$2000,0)))) -> 말이 많으심. 성향 안맞아 | J14: =IF($B14="","",IF(INDEX(클레임목록!$H$2:$H$2000,MATCH($B14,클레임목록!$O$2:$O$2000,0))="","",INDEX(클레임목록!$H$2:$H$2000,MATCH($B14,클레임목록!$O$2:$O$2000,0)))) -> 26-03 윤푸름 | K14: =IF($B14="","",IF(INDEX(클레임목록!$I$2:$I$2000,MATCH($B14,클레임목록!$O$2:$O$2000,0))="","",INDEX(클레임목록!$I$2:$I$2000,MATCH($B14,클레임목록!$O$2:$O$2000,0)))) | L14: =IF($B14="","",IF(INDEX(클레임목록!$J$2:$J$2000,MATCH($B14,클레임목록!$O$2:$O$2000,0))="","",INDEX(클레임목록!$J$2:$J$2000,MATCH($B14,클레임목록!$O$2:$O$2000,0))))
B15: =IF(2<=$C$11,2,"") -> 2 | C15: =IF($B15="","",IF(INDEX(클레임목록!$A$2:$A$2000,MATCH($B15,클레임목록!$O$2:$O$2000,0))="","",INDEX(클레임목록!$A$2:$A$2000,MATCH($B15,클레임목록!$O$2:$O$2000,0)))) -> 102004 | D15: =IF($B15="","",IF(INDEX(클레임목록!$B$2:$B$2000,MATCH($B15,클레임목록!$O$2:$O$2000,0))="","",INDEX(클레임목록!$B$2:$B$2000,MATCH($B15,클레임목록!$O$2:$O$2000,0)))) -> 46037 | E15: =IF($B15="","",IF(INDEX(클레임목록!$C$2:$C$2000,MATCH($B15,클레임목록!$O$2:$O$2000,0))="","",INDEX(클레임목록!$C$2:$C$2000,MATCH($B15,클레임목록!$O$2:$O$2000,0)))) | F15: =IF($B15="","",IF(INDEX(클레임목록!$D$2:$D$2000,MATCH($B15,클레임목록!$O$2:$O$2000,0))="","",INDEX(클레임목록!$D$2:$D$2000,MATCH($B15,클레임목록!$O$2:$O$2000,0)))) -> 영유아 | G15: =IF($B15="","",IF(INDEX(클레임목록!$E$2:$E$2000,MATCH($B15,클레임목록!$O$2:$O$2000,0))="","",INDEX(클레임목록!$E$2:$E$2000,MATCH($B15,클레임목록!$O$2:$O$2000,0)))) -> 성실성 | H15: =IF($B15="","",IF(INDEX(클레임목록!$F$2:$F$2000,MATCH($B15,클레임목록!$O$2:$O$2000,0))="","",INDEX(클레임목록!$F$2:$F$2000,MATCH($B15,클레임목록!$O$2:$O$2000,0)))) -> 휴대폰사용 | I15: =IF($B15="","",IF(INDEX(클레임목록!$G$2:$G$2000,MATCH($B15,클레임목록!$O$2:$O$2000,0))="","",INDEX(클레임목록!$G$2:$G$2000,MATCH($B15,클레임목록!$O$2:$O$2000,0)))) | J15: =IF($B15="","",IF(INDEX(클레임목록!$H$2:$H$2000,MATCH($B15,클레임목록!$O$2:$O$2000,0))="","",INDEX(클레임목록!$H$2:$H$2000,MATCH($B15,클레임목록!$O$2:$O$2000,0)))) -> 26-42 변영애 | K15: =IF($B15="","",IF(INDEX(클레임목록!$I$2:$I$2000,MATCH($B15,클레임목록!$O$2:$O$2000,0))="","",INDEX(클레임목록!$I$2:$I$2000,MATCH($B15,클레임목록!$O$2:$O$2000,0)))) | L15: =IF($B15="","",IF(INDEX(클레임목록!$J$2:$J$2000,MATCH($B15,클레임목록!$O$2:$O$2000,0))="","",INDEX(클레임목록!$J$2:$J$2000,MATCH($B15,클레임목록!$O$2:$O$2000,0))))
B16: =IF(3<=$C$11,3,"") | C16: =IF($B16="","",IF(INDEX(클레임목록!$A$2:$A$2000,MATCH($B16,클레임목록!$O$2:$O$2000,0))="","",INDEX(클레임목록!$A$2:$A$2000,MATCH($B16,클레임목록!$O$2:$O$2000,0)))) | D16: =IF($B16="","",IF(INDEX(클레임목록!$B$2:$B$2000,MATCH($B16,클레임목록!$O$2:$O$2000,0))="","",INDEX(클레임목록!$B$2:$B$2000,MATCH($B16,클레임목록!$O$2:$O$2000,0)))) | E16: =IF($B16="","",IF(INDEX(클레임목록!$C$2:$C$2000,MATCH($B16,클레임목록!$O$2:$O$2000,0))="","",INDEX(클레임목록!$C$2:$C$2000,MATCH($B16,클레임목록!$O$2:$O$2000,0)))) | F16: =IF($B16="","",IF(INDEX(클레임목록!$D$2:$D$2000,MATCH($B16,클레임목록!$O$2:$O$2000,0))="","",INDEX(클레임목록!$D$2:$D$2000,MATCH($B16,클레임목록!$O$2:$O$2000,0)))) | G16: =IF($B16="","",IF(INDEX(클레임목록!$E$2:$E$2000,MATCH($B16,클레임목록!$O$2:$O$2000,0))="","",INDEX(클레임목록!$E$2:$E$2000,MATCH($B16,클레임목록!$O$2:$O$2000,0)))) | H16: =IF($B16="","",IF(INDEX(클레임목록!$F$2:$F$2000,MATCH($B16,클레임목록!$O$2:$O$2000,0))="","",INDEX(클레임목록!$F$2:$F$2000,MATCH($B16,클레임목록!$O$2:$O$2000,0)))) | I16: =IF($B16="","",IF(INDEX(클레임목록!$G$2:$G$2000,MATCH($B16,클레임목록!$O$2:$O$2000,0))="","",INDEX(클레임목록!$G$2:$G$2000,MATCH($B16,클레임목록!$O$2:$O$2000,0)))) | J16: =IF($B16="","",IF(INDEX(클레임목록!$H$2:$H$2000,MATCH($B16,클레임목록!$O$2:$O$2000,0))="","",INDEX(클레임목록!$H$2:$H$2000,MATCH($B16,클레임목록!$O$2:$O$2000,0)))) | K16: =IF($B16="","",IF(INDEX(클레임목록!$I$2:$I$2000,MATCH($B16,클레임목록!$O$2:$O$2000,0))="","",INDEX(클레임목록!$I$2:$I$2000,MATCH($B16,클레임목록!$O$2:$O$2000,0)))) | L16: =IF($B16="","",IF(INDEX(클레임목록!$J$2:$J$2000,MATCH($B16,클레임목록!$O$2:$O$2000,0))="","",INDEX(클레임목록!$J$2:$J$2000,MATCH($B16,클레임목록!$O$2:$O$2000,0))))
B17: =IF(4<=$C$11,4,"") | C17: =IF($B17="","",IF(INDEX(클레임목록!$A$2:$A$2000,MATCH($B17,클레임목록!$O$2:$O$2000,0))="","",INDEX(클레임목록!$A$2:$A$2000,MATCH($B17,클레임목록!$O$2:$O$2000,0)))) | D17: =IF($B17="","",IF(INDEX(클레임목록!$B$2:$B$2000,MATCH($B17,클레임목록!$O$2:$O$2000,0))="","",INDEX(클레임목록!$B$2:$B$2000,MATCH($B17,클레임목록!$O$2:$O$2000,0)))) | E17: =IF($B17="","",IF(INDEX(클레임목록!$C$2:$C$2000,MATCH($B17,클레임목록!$O$2:$O$2000,0))="","",INDEX(클레임목록!$C$2:$C$2000,MATCH($B17,클레임목록!$O$2:$O$2000,0)))) | F17: =IF($B17="","",IF(INDEX(클레임목록!$D$2:$D$2000,MATCH($B17,클레임목록!$O$2:$O$2000,0))="","",INDEX(클레임목록!$D$2:$D$2000,MATCH($B17,클레임목록!$O$2:$O$2000,0)))) | G17: =IF($B17="","",IF(INDEX(클레임목록!$E$2:$E$2000,MATCH($B17,클레임목록!$O$2:$O$2000,0))="","",INDEX(클레임목록!$E$2:$E$2000,MATCH($B17,클레임목록!$O$2:$O$2000,0)))) | H17: =IF($B17="","",IF(INDEX(클레임목록!$F$2:$F$2000,MATCH($B17,클레임목록!$O$2:$O$2000,0))="","",INDEX(클레임목록!$F$2:$F$2000,MATCH($B17,클레임목록!$O$2:$O$2000,0)))) | I17: =IF($B17="","",IF(INDEX(클레임목록!$G$2:$G$2000,MATCH($B17,클레임목록!$O$2:$O$2000,0))="","",INDEX(클레임목록!$G$2:$G$2000,MATCH($B17,클레임목록!$O$2:$O$2000,0)))) | J17: =IF($B17="","",IF(INDEX(클레임목록!$H$2:$H$2000,MATCH($B17,클레임목록!$O$2:$O$2000,0))="","",INDEX(클레임목록!$H$2:$H$2000,MATCH($B17,클레임목록!$O$2:$O$2000,0)))) | K17: =IF($B17="","",IF(INDEX(클레임목록!$I$2:$I$2000,MATCH($B17,클레임목록!$O$2:$O$2000,0))="","",INDEX(클레임목록!$I$2:$I$2000,MATCH($B17,클레임목록!$O$2:$O$2000,0)))) | L17: =IF($B17="","",IF(INDEX(클레임목록!$J$2:$J$2000,MATCH($B17,클레임목록!$O$2:$O$2000,0))="","",INDEX(클레임목록!$J$2:$J$2000,MATCH($B17,클레임목록!$O$2:$O$2000,0))))
B18: =IF(5<=$C$11,5,"") | C18: =IF($B18="","",IF(INDEX(클레임목록!$A$2:$A$2000,MATCH($B18,클레임목록!$O$2:$O$2000,0))="","",INDEX(클레임목록!$A$2:$A$2000,MATCH($B18,클레임목록!$O$2:$O$2000,0)))) | D18: =IF($B18="","",IF(INDEX(클레임목록!$B$2:$B$2000,MATCH($B18,클레임목록!$O$2:$O$2000,0))="","",INDEX(클레임목록!$B$2:$B$2000,MATCH($B18,클레임목록!$O$2:$O$2000,0)))) | E18: =IF($B18="","",IF(INDEX(클레임목록!$C$2:$C$2000,MATCH($B18,클레임목록!$O$2:$O$2000,0))="","",INDEX(클레임목록!$C$2:$C$2000,MATCH($B18,클레임목록!$O$2:$O$2000,0)))) | F18: =IF($B18="","",IF(INDEX(클레임목록!$D$2:$D$2000,MATCH($B18,클레임목록!$O$2:$O$2000,0))="","",INDEX(클레임목록!$D$2:$D$2000,MATCH($B18,클레임목록!$O$2:$O$2000,0)))) | G18: =IF($B18="","",IF(INDEX(클레임목록!$E$2:$E$2000,MATCH($B18,클레임목록!$O$2:$O$2000,0))="","",INDEX(클레임목록!$E$2:$E$2000,MATCH($B18,클레임목록!$O$2:$O$2000,0)))) | H18: =IF($B18="","",IF(INDEX(클레임목록!$F$2:$F$2000,MATCH($B18,클레임목록!$O$2:$O$2000,0))="","",INDEX(클레임목록!$F$2:$F$2000,MATCH($B18,클레임목록!$O$2:$O$2000,0)))) | I18: =IF($B18="","",IF(INDEX(클레임목록!$G$2:$G$2000,MATCH($B18,클레임목록!$O$2:$O$2000,0))="","",INDEX(클레임목록!$G$2:$G$2000,MATCH($B18,클레임목록!$O$2:$O$2000,0)))) | J18: =IF($B18="","",IF(INDEX(클레임목록!$H$2:$H$2000,MATCH($B18,클레임목록!$O$2:$O$2000,0))="","",INDEX(클레임목록!$H$2:$H$2000,MATCH($B18,클레임목록!$O$2:$O$2000,0)))) | K18: =IF($B18="","",IF(INDEX(클레임목록!$I$2:$I$2000,MATCH($B18,클레임목록!$O$2:$O$2000,0))="","",INDEX(클레임목록!$I$2:$I$2000,MATCH($B18,클레임목록!$O$2:$O$2000,0)))) | L18: =IF($B18="","",IF(INDEX(클레임목록!$J$2:$J$2000,MATCH($B18,클레임목록!$O$2:$O$2000,0))="","",INDEX(클레임목록!$J$2:$J$2000,MATCH($B18,클레임목록!$O$2:$O$2000,0))))
B19: =IF(6<=$C$11,6,"") | C19: =IF($B19="","",IF(INDEX(클레임목록!$A$2:$A$2000,MATCH($B19,클레임목록!$O$2:$O$2000,0))="","",INDEX(클레임목록!$A$2:$A$2000,MATCH($B19,클레임목록!$O$2:$O$2000,0)))) | D19: =IF($B19="","",IF(INDEX(클레임목록!$B$2:$B$2000,MATCH($B19,클레임목록!$O$2:$O$2000,0))="","",INDEX(클레임목록!$B$2:$B$2000,MATCH($B19,클레임목록!$O$2:$O$2000,0)))) | E19: =IF($B19="","",IF(INDEX(클레임목록!$C$2:$C$2000,MATCH($B19,클레임목록!$O$2:$O$2000,0))="","",INDEX(클레임목록!$C$2:$C$2000,MATCH($B19,클레임목록!$O$2:$O$2000,0)))) | F19: =IF($B19="","",IF(INDEX(클레임목록!$D$2:$D$2000,MATCH($B19,클레임목록!$O$2:$O$2000,0))="","",INDEX(클레임목록!$D$2:$D$2000,MATCH($B19,클레임목록!$O$2:$O$2000,0)))) | G19: =IF($B19="","",IF(INDEX(클레임목록!$E$2:$E$2000,MATCH($B19,클레임목록!$O$2:$O$2000,0))="","",INDEX(클레임목록!$E$2:$E$2000,MATCH($B19,클레임목록!$O$2:$O$2000,0)))) | H19: =IF($B19="","",IF(INDEX(클레임목록!$F$2:$F$2000,MATCH($B19,클레임목록!$O$2:$O$2000,0))="","",INDEX(클레임목록!$F$2:$F$2000,MATCH($B19,클레임목록!$O$2:$O$2000,0)))) | I19: =IF($B19="","",IF(INDEX(클레임목록!$G$2:$G$2000,MATCH($B19,클레임목록!$O$2:$O$2000,0))="","",INDEX(클레임목록!$G$2:$G$2000,MATCH($B19,클레임목록!$O$2:$O$2000,0)))) | J19: =IF($B19="","",IF(INDEX(클레임목록!$H$2:$H$2000,MATCH($B19,클레임목록!$O$2:$O$2000,0))="","",INDEX(클레임목록!$H$2:$H$2000,MATCH($B19,클레임목록!$O$2:$O$2000,0)))) | K19: =IF($B19="","",IF(INDEX(클레임목록!$I$2:$I$2000,MATCH($B19,클레임목록!$O$2:$O$2000,0))="","",INDEX(클레임목록!$I$2:$I$2000,MATCH($B19,클레임목록!$O$2:$O$2000,0)))) | L19: =IF($B19="","",IF(INDEX(클레임목록!$J$2:$J$2000,MATCH($B19,클레임목록!$O$2:$O$2000,0))="","",INDEX(클레임목록!$J$2:$J$2000,MATCH($B19,클레임목록!$O$2:$O$2000,0))))
B20: =IF(7<=$C$11,7,"") | C20: =IF($B20="","",IF(INDEX(클레임목록!$A$2:$A$2000,MATCH($B20,클레임목록!$O$2:$O$2000,0))="","",INDEX(클레임목록!$A$2:$A$2000,MATCH($B20,클레임목록!$O$2:$O$2000,0)))) | D20: =IF($B20="","",IF(INDEX(클레임목록!$B$2:$B$2000,MATCH($B20,클레임목록!$O$2:$O$2000,0))="","",INDEX(클레임목록!$B$2:$B$2000,MATCH($B20,클레임목록!$O$2:$O$2000,0)))) | E20: =IF($B20="","",IF(INDEX(클레임목록!$C$2:$C$2000,MATCH($B20,클레임목록!$O$2:$O$2000,0))="","",INDEX(클레임목록!$C$2:$C$2000,MATCH($B20,클레임목록!$O$2:$O$2000,0)))) | F20: =IF($B20="","",IF(INDEX(클레임목록!$D$2:$D$2000,MATCH($B20,클레임목록!$O$2:$O$2000,0))="","",INDEX(클레임목록!$D$2:$D$2000,MATCH($B20,클레임목록!$O$2:$O$2000,0)))) | G20: =IF($B20="","",IF(INDEX(클레임목록!$E$2:$E$2000,MATCH($B20,클레임목록!$O$2:$O$2000,0))="","",INDEX(클레임목록!$E$2:$E$2000,MATCH($B20,클레임목록!$O$2:$O$2000,0)))) | H20: =IF($B20="","",IF(INDEX(클레임목록!$F$2:$F$2000,MATCH($B20,클레임목록!$O$2:$O$2000,0))="","",INDEX(클레임목록!$F$2:$F$2000,MATCH($B20,클레임목록!$O$2:$O$2000,0)))) | I20: =IF($B20="","",IF(INDEX(클레임목록!$G$2:$G$2000,MATCH($B20,클레임목록!$O$2:$O$2000,0))="","",INDEX(클레임목록!$G$2:$G$2000,MATCH($B20,클레임목록!$O$2:$O$2000,0)))) | J20: =IF($B20="","",IF(INDEX(클레임목록!$H$2:$H$2000,MATCH($B20,클레임목록!$O$2:$O$2000,0))="","",INDEX(클레임목록!$H$2:$H$2000,MATCH($B20,클레임목록!$O$2:$O$2000,0)))) | K20: =IF($B20="","",IF(INDEX(클레임목록!$I$2:$I$2000,MATCH($B20,클레임목록!$O$2:$O$2000,0))="","",INDEX(클레임목록!$I$2:$I$2000,MATCH($B20,클레임목록!$O$2:$O$2000,0)))) | L20: =IF($B20="","",IF(INDEX(클레임목록!$J$2:$J$2000,MATCH($B20,클레임목록!$O$2:$O$2000,0))="","",INDEX(클레임목록!$J$2:$J$2000,MATCH($B20,클레임목록!$O$2:$O$2000,0))))
B21: =IF(8<=$C$11,8,"") | C21: =IF($B21="","",IF(INDEX(클레임목록!$A$2:$A$2000,MATCH($B21,클레임목록!$O$2:$O$2000,0))="","",INDEX(클레임목록!$A$2:$A$2000,MATCH($B21,클레임목록!$O$2:$O$2000,0)))) | D21: =IF($B21="","",IF(INDEX(클레임목록!$B$2:$B$2000,MATCH($B21,클레임목록!$O$2:$O$2000,0))="","",INDEX(클레임목록!$B$2:$B$2000,MATCH($B21,클레임목록!$O$2:$O$2000,0)))) | E21: =IF($B21="","",IF(INDEX(클레임목록!$C$2:$C$2000,MATCH($B21,클레임목록!$O$2:$O$2000,0))="","",INDEX(클레임목록!$C$2:$C$2000,MATCH($B21,클레임목록!$O$2:$O$2000,0)))) | F21: =IF($B21="","",IF(INDEX(클레임목록!$D$2:$D$2000,MATCH($B21,클레임목록!$O$2:$O$2000,0))="","",INDEX(클레임목록!$D$2:$D$2000,MATCH($B21,클레임목록!$O$2:$O$2000,0)))) | G21: =IF($B21="","",IF(INDEX(클레임목록!$E$2:$E$2000,MATCH($B21,클레임목록!$O$2:$O$2000,0))="","",INDEX(클레임목록!$E$2:$E$2000,MATCH($B21,클레임목록!$O$2:$O$2000,0)))) | H21: =IF($B21="","",IF(INDEX(클레임목록!$F$2:$F$2000,MATCH($B21,클레임목록!$O$2:$O$2000,0))="","",INDEX(클레임목록!$F$2:$F$2000,MATCH($B21,클레임목록!$O$2:$O$2000,0)))) | I21: =IF($B21="","",IF(INDEX(클레임목록!$G$2:$G$2000,MATCH($B21,클레임목록!$O$2:$O$2000,0))="","",INDEX(클레임목록!$G$2:$G$2000,MATCH($B21,클레임목록!$O$2:$O$2000,0)))) | J21: =IF($B21="","",IF(INDEX(클레임목록!$H$2:$H$2000,MATCH($B21,클레임목록!$O$2:$O$2000,0))="","",INDEX(클레임목록!$H$2:$H$2000,MATCH($B21,클레임목록!$O$2:$O$2000,0)))) | K21: =IF($B21="","",IF(INDEX(클레임목록!$I$2:$I$2000,MATCH($B21,클레임목록!$O$2:$O$2000,0))="","",INDEX(클레임목록!$I$2:$I$2000,MATCH($B21,클레임목록!$O$2:$O$2000,0)))) | L21: =IF($B21="","",IF(INDEX(클레임목록!$J$2:$J$2000,MATCH($B21,클레임목록!$O$2:$O$2000,0))="","",INDEX(클레임목록!$J$2:$J$2000,MATCH($B21,클레임목록!$O$2:$O$2000,0))))
B22: =IF(9<=$C$11,9,"") | C22: =IF($B22="","",IF(INDEX(클레임목록!$A$2:$A$2000,MATCH($B22,클레임목록!$O$2:$O$2000,0))="","",INDEX(클레임목록!$A$2:$A$2000,MATCH($B22,클레임목록!$O$2:$O$2000,0)))) | D22: =IF($B22="","",IF(INDEX(클레임목록!$B$2:$B$2000,MATCH($B22,클레임목록!$O$2:$O$2000,0))="","",INDEX(클레임목록!$B$2:$B$2000,MATCH($B22,클레임목록!$O$2:$O$2000,0)))) | E22: =IF($B22="","",IF(INDEX(클레임목록!$C$2:$C$2000,MATCH($B22,클레임목록!$O$2:$O$2000,0))="","",INDEX(클레임목록!$C$2:$C$2000,MATCH($B22,클레임목록!$O$2:$O$2000,0)))) | F22: =IF($B22="","",IF(INDEX(클레임목록!$D$2:$D$2000,MATCH($B22,클레임목록!$O$2:$O$2000,0))="","",INDEX(클레임목록!$D$2:$D$2000,MATCH($B22,클레임목록!$O$2:$O$2000,0)))) | G22: =IF($B22="","",IF(INDEX(클레임목록!$E$2:$E$2000,MATCH($B22,클레임목록!$O$2:$O$2000,0))="","",INDEX(클레임목록!$E$2:$E$2000,MATCH($B22,클레임목록!$O$2:$O$2000,0)))) | H22: =IF($B22="","",IF(INDEX(클레임목록!$F$2:$F$2000,MATCH($B22,클레임목록!$O$2:$O$2000,0))="","",INDEX(클레임목록!$F$2:$F$2000,MATCH($B22,클레임목록!$O$2:$O$2000,0)))) | I22: =IF($B22="","",IF(INDEX(클레임목록!$G$2:$G$2000,MATCH($B22,클레임목록!$O$2:$O$2000,0))="","",INDEX(클레임목록!$G$2:$G$2000,MATCH($B22,클레임목록!$O$2:$O$2000,0)))) | J22: =IF($B22="","",IF(INDEX(클레임목록!$H$2:$H$2000,MATCH($B22,클레임목록!$O$2:$O$2000,0))="","",INDEX(클레임목록!$H$2:$H$2000,MATCH($B22,클레임목록!$O$2:$O$2000,0)))) | K22: =IF($B22="","",IF(INDEX(클레임목록!$I$2:$I$2000,MATCH($B22,클레임목록!$O$2:$O$2000,0))="","",INDEX(클레임목록!$I$2:$I$2000,MATCH($B22,클레임목록!$O$2:$O$2000,0)))) | L22: =IF($B22="","",IF(INDEX(클레임목록!$J$2:$J$2000,MATCH($B22,클레임목록!$O$2:$O$2000,0))="","",INDEX(클레임목록!$J$2:$J$2000,MATCH($B22,클레임목록!$O$2:$O$2000,0))))
B23: =IF(10<=$C$11,10,"") | C23: =IF($B23="","",IF(INDEX(클레임목록!$A$2:$A$2000,MATCH($B23,클레임목록!$O$2:$O$2000,0))="","",INDEX(클레임목록!$A$2:$A$2000,MATCH($B23,클레임목록!$O$2:$O$2000,0)))) | D23: =IF($B23="","",IF(INDEX(클레임목록!$B$2:$B$2000,MATCH($B23,클레임목록!$O$2:$O$2000,0))="","",INDEX(클레임목록!$B$2:$B$2000,MATCH($B23,클레임목록!$O$2:$O$2000,0)))) | E23: =IF($B23="","",IF(INDEX(클레임목록!$C$2:$C$2000,MATCH($B23,클레임목록!$O$2:$O$2000,0))="","",INDEX(클레임목록!$C$2:$C$2000,MATCH($B23,클레임목록!$O$2:$O$2000,0)))) | F23: =IF($B23="","",IF(INDEX(클레임목록!$D$2:$D$2000,MATCH($B23,클레임목록!$O$2:$O$2000,0))="","",INDEX(클레임목록!$D$2:$D$2000,MATCH($B23,클레임목록!$O$2:$O$2000,0)))) | G23: =IF($B23="","",IF(INDEX(클레임목록!$E$2:$E$2000,MATCH($B23,클레임목록!$O$2:$O$2000,0))="","",INDEX(클레임목록!$E$2:$E$2000,MATCH($B23,클레임목록!$O$2:$O$2000,0)))) | H23: =IF($B23="","",IF(INDEX(클레임목록!$F$2:$F$2000,MATCH($B23,클레임목록!$O$2:$O$2000,0))="","",INDEX(클레임목록!$F$2:$F$2000,MATCH($B23,클레임목록!$O$2:$O$2000,0)))) | I23: =IF($B23="","",IF(INDEX(클레임목록!$G$2:$G$2000,MATCH($B23,클레임목록!$O$2:$O$2000,0))="","",INDEX(클레임목록!$G$2:$G$2000,MATCH($B23,클레임목록!$O$2:$O$2000,0)))) | J23: =IF($B23="","",IF(INDEX(클레임목록!$H$2:$H$2000,MATCH($B23,클레임목록!$O$2:$O$2000,0))="","",INDEX(클레임목록!$H$2:$H$2000,MATCH($B23,클레임목록!$O$2:$O$2000,0)))) | K23: =IF($B23="","",IF(INDEX(클레임목록!$I$2:$I$2000,MATCH($B23,클레임목록!$O$2:$O$2000,0))="","",INDEX(클레임목록!$I$2:$I$2000,MATCH($B23,클레임목록!$O$2:$O$2000,0)))) | L23: =IF($B23="","",IF(INDEX(클레임목록!$J$2:$J$2000,MATCH($B23,클레임목록!$O$2:$O$2000,0))="","",INDEX(클레임목록!$J$2:$J$2000,MATCH($B23,클레임목록!$O$2:$O$2000,0))))
B24: =IF(11<=$C$11,11,"") | C24: =IF($B24="","",IF(INDEX(클레임목록!$A$2:$A$2000,MATCH($B24,클레임목록!$O$2:$O$2000,0))="","",INDEX(클레임목록!$A$2:$A$2000,MATCH($B24,클레임목록!$O$2:$O$2000,0)))) | D24: =IF($B24="","",IF(INDEX(클레임목록!$B$2:$B$2000,MATCH($B24,클레임목록!$O$2:$O$2000,0))="","",INDEX(클레임목록!$B$2:$B$2000,MATCH($B24,클레임목록!$O$2:$O$2000,0)))) | E24: =IF($B24="","",IF(INDEX(클레임목록!$C$2:$C$2000,MATCH($B24,클레임목록!$O$2:$O$2000,0))="","",INDEX(클레임목록!$C$2:$C$2000,MATCH($B24,클레임목록!$O$2:$O$2000,0)))) | F24: =IF($B24="","",IF(INDEX(클레임목록!$D$2:$D$2000,MATCH($B24,클레임목록!$O$2:$O$2000,0))="","",INDEX(클레임목록!$D$2:$D$2000,MATCH($B24,클레임목록!$O$2:$O$2000,0)))) | G24: =IF($B24="","",IF(INDEX(클레임목록!$E$2:$E$2000,MATCH($B24,클레임목록!$O$2:$O$2000,0))="","",INDEX(클레임목록!$E$2:$E$2000,MATCH($B24,클레임목록!$O$2:$O$2000,0)))) | H24: =IF($B24="","",IF(INDEX(클레임목록!$F$2:$F$2000,MATCH($B24,클레임목록!$O$2:$O$2000,0))="","",INDEX(클레임목록!$F$2:$F$2000,MATCH($B24,클레임목록!$O$2:$O$2000,0)))) | I24: =IF($B24="","",IF(INDEX(클레임목록!$G$2:$G$2000,MATCH($B24,클레임목록!$O$2:$O$2000,0))="","",INDEX(클레임목록!$G$2:$G$2000,MATCH($B24,클레임목록!$O$2:$O$2000,0)))) | J24: =IF($B24="","",IF(INDEX(클레임목록!$H$2:$H$2000,MATCH($B24,클레임목록!$O$2:$O$2000,0))="","",INDEX(클레임목록!$H$2:$H$2000,MATCH($B24,클레임목록!$O$2:$O$2000,0)))) | K24: =IF($B24="","",IF(INDEX(클레임목록!$I$2:$I$2000,MATCH($B24,클레임목록!$O$2:$O$2000,0))="","",INDEX(클레임목록!$I$2:$I$2000,MATCH($B24,클레임목록!$O$2:$O$2000,0)))) | L24: =IF($B24="","",IF(INDEX(클레임목록!$J$2:$J$2000,MATCH($B24,클레임목록!$O$2:$O$2000,0))="","",INDEX(클레임목록!$J$2:$J$2000,MATCH($B24,클레임목록!$O$2:$O$2000,0))))
B25: =IF(12<=$C$11,12,"") | C25: =IF($B25="","",IF(INDEX(클레임목록!$A$2:$A$2000,MATCH($B25,클레임목록!$O$2:$O$2000,0))="","",INDEX(클레임목록!$A$2:$A$2000,MATCH($B25,클레임목록!$O$2:$O$2000,0)))) | D25: =IF($B25="","",IF(INDEX(클레임목록!$B$2:$B$2000,MATCH($B25,클레임목록!$O$2:$O$2000,0))="","",INDEX(클레임목록!$B$2:$B$2000,MATCH($B25,클레임목록!$O$2:$O$2000,0)))) | E25: =IF($B25="","",IF(INDEX(클레임목록!$C$2:$C$2000,MATCH($B25,클레임목록!$O$2:$O$2000,0))="","",INDEX(클레임목록!$C$2:$C$2000,MATCH($B25,클레임목록!$O$2:$O$2000,0)))) | F25: =IF($B25="","",IF(INDEX(클레임목록!$D$2:$D$2000,MATCH($B25,클레임목록!$O$2:$O$2000,0))="","",INDEX(클레임목록!$D$2:$D$2000,MATCH($B25,클레임목록!$O$2:$O$2000,0)))) | G25: =IF($B25="","",IF(INDEX(클레임목록!$E$2:$E$2000,MATCH($B25,클레임목록!$O$2:$O$2000,0))="","",INDEX(클레임목록!$E$2:$E$2000,MATCH($B25,클레임목록!$O$2:$O$2000,0)))) | H25: =IF($B25="","",IF(INDEX(클레임목록!$F$2:$F$2000,MATCH($B25,클레임목록!$O$2:$O$2000,0))="","",INDEX(클레임목록!$F$2:$F$2000,MATCH($B25,클레임목록!$O$2:$O$2000,0)))) | I25: =IF($B25="","",IF(INDEX(클레임목록!$G$2:$G$2000,MATCH($B25,클레임목록!$O$2:$O$2000,0))="","",INDEX(클레임목록!$G$2:$G$2000,MATCH($B25,클레임목록!$O$2:$O$2000,0)))) | J25: =IF($B25="","",IF(INDEX(클레임목록!$H$2:$H$2000,MATCH($B25,클레임목록!$O$2:$O$2000,0))="","",INDEX(클레임목록!$H$2:$H$2000,MATCH($B25,클레임목록!$O$2:$O$2000,0)))) | K25: =IF($B25="","",IF(INDEX(클레임목록!$I$2:$I$2000,MATCH($B25,클레임목록!$O$2:$O$2000,0))="","",INDEX(클레임목록!$I$2:$I$2000,MATCH($B25,클레임목록!$O$2:$O$2000,0)))) | L25: =IF($B25="","",IF(INDEX(클레임목록!$J$2:$J$2000,MATCH($B25,클레임목록!$O$2:$O$2000,0))="","",INDEX(클레임목록!$J$2:$J$2000,MATCH($B25,클레임목록!$O$2:$O$2000,0))))
B26: =IF(13<=$C$11,13,"") | C26: =IF($B26="","",IF(INDEX(클레임목록!$A$2:$A$2000,MATCH($B26,클레임목록!$O$2:$O$2000,0))="","",INDEX(클레임목록!$A$2:$A$2000,MATCH($B26,클레임목록!$O$2:$O$2000,0)))) | D26: =IF($B26="","",IF(INDEX(클레임목록!$B$2:$B$2000,MATCH($B26,클레임목록!$O$2:$O$2000,0))="","",INDEX(클레임목록!$B$2:$B$2000,MATCH($B26,클레임목록!$O$2:$O$2000,0)))) | E26: =IF($B26="","",IF(INDEX(클레임목록!$C$2:$C$2000,MATCH($B26,클레임목록!$O$2:$O$2000,0))="","",INDEX(클레임목록!$C$2:$C$2000,MATCH($B26,클레임목록!$O$2:$O$2000,0)))) | F26: =IF($B26="","",IF(INDEX(클레임목록!$D$2:$D$2000,MATCH($B26,클레임목록!$O$2:$O$2000,0))="","",INDEX(클레임목록!$D$2:$D$2000,MATCH($B26,클레임목록!$O$2:$O$2000,0)))) | G26: =IF($B26="","",IF(INDEX(클레임목록!$E$2:$E$2000,MATCH($B26,클레임목록!$O$2:$O$2000,0))="","",INDEX(클레임목록!$E$2:$E$2000,MATCH($B26,클레임목록!$O$2:$O$2000,0)))) | H26: =IF($B26="","",IF(INDEX(클레임목록!$F$2:$F$2000,MATCH($B26,클레임목록!$O$2:$O$2000,0))="","",INDEX(클레임목록!$F$2:$F$2000,MATCH($B26,클레임목록!$O$2:$O$2000,0)))) | I26: =IF($B26="","",IF(INDEX(클레임목록!$G$2:$G$2000,MATCH($B26,클레임목록!$O$2:$O$2000,0))="","",INDEX(클레임목록!$G$2:$G$2000,MATCH($B26,클레임목록!$O$2:$O$2000,0)))) | J26: =IF($B26="","",IF(INDEX(클레임목록!$H$2:$H$2000,MATCH($B26,클레임목록!$O$2:$O$2000,0))="","",INDEX(클레임목록!$H$2:$H$2000,MATCH($B26,클레임목록!$O$2:$O$2000,0)))) | K26: =IF($B26="","",IF(INDEX(클레임목록!$I$2:$I$2000,MATCH($B26,클레임목록!$O$2:$O$2000,0))="","",INDEX(클레임목록!$I$2:$I$2000,MATCH($B26,클레임목록!$O$2:$O$2000,0)))) | L26: =IF($B26="","",IF(INDEX(클레임목록!$J$2:$J$2000,MATCH($B26,클레임목록!$O$2:$O$2000,0))="","",INDEX(클레임목록!$J$2:$J$2000,MATCH($B26,클레임목록!$O$2:$O$2000,0))))
B27: =IF(14<=$C$11,14,"") | C27: =IF($B27="","",IF(INDEX(클레임목록!$A$2:$A$2000,MATCH($B27,클레임목록!$O$2:$O$2000,0))="","",INDEX(클레임목록!$A$2:$A$2000,MATCH($B27,클레임목록!$O$2:$O$2000,0)))) | D27: =IF($B27="","",IF(INDEX(클레임목록!$B$2:$B$2000,MATCH($B27,클레임목록!$O$2:$O$2000,0))="","",INDEX(클레임목록!$B$2:$B$2000,MATCH($B27,클레임목록!$O$2:$O$2000,0)))) | E27: =IF($B27="","",IF(INDEX(클레임목록!$C$2:$C$2000,MATCH($B27,클레임목록!$O$2:$O$2000,0))="","",INDEX(클레임목록!$C$2:$C$2000,MATCH($B27,클레임목록!$O$2:$O$2000,0)))) | F27: =IF($B27="","",IF(INDEX(클레임목록!$D$2:$D$2000,MATCH($B27,클레임목록!$O$2:$O$2000,0))="","",INDEX(클레임목록!$D$2:$D$2000,MATCH($B27,클레임목록!$O$2:$O$2000,0)))) | G27: =IF($B27="","",IF(INDEX(클레임목록!$E$2:$E$2000,MATCH($B27,클레임목록!$O$2:$O$2000,0))="","",INDEX(클레임목록!$E$2:$E$2000,MATCH($B27,클레임목록!$O$2:$O$2000,0)))) | H27: =IF($B27="","",IF(INDEX(클레임목록!$F$2:$F$2000,MATCH($B27,클레임목록!$O$2:$O$2000,0))="","",INDEX(클레임목록!$F$2:$F$2000,MATCH($B27,클레임목록!$O$2:$O$2000,0)))) | I27: =IF($B27="","",IF(INDEX(클레임목록!$G$2:$G$2000,MATCH($B27,클레임목록!$O$2:$O$2000,0))="","",INDEX(클레임목록!$G$2:$G$2000,MATCH($B27,클레임목록!$O$2:$O$2000,0)))) | J27: =IF($B27="","",IF(INDEX(클레임목록!$H$2:$H$2000,MATCH($B27,클레임목록!$O$2:$O$2000,0))="","",INDEX(클레임목록!$H$2:$H$2000,MATCH($B27,클레임목록!$O$2:$O$2000,0)))) | K27: =IF($B27="","",IF(INDEX(클레임목록!$I$2:$I$2000,MATCH($B27,클레임목록!$O$2:$O$2000,0))="","",INDEX(클레임목록!$I$2:$I$2000,MATCH($B27,클레임목록!$O$2:$O$2000,0)))) | L27: =IF($B27="","",IF(INDEX(클레임목록!$J$2:$J$2000,MATCH($B27,클레임목록!$O$2:$O$2000,0))="","",INDEX(클레임목록!$J$2:$J$2000,MATCH($B27,클레임목록!$O$2:$O$2000,0))))
B28: =IF(15<=$C$11,15,"") | C28: =IF($B28="","",IF(INDEX(클레임목록!$A$2:$A$2000,MATCH($B28,클레임목록!$O$2:$O$2000,0))="","",INDEX(클레임목록!$A$2:$A$2000,MATCH($B28,클레임목록!$O$2:$O$2000,0)))) | D28: =IF($B28="","",IF(INDEX(클레임목록!$B$2:$B$2000,MATCH($B28,클레임목록!$O$2:$O$2000,0))="","",INDEX(클레임목록!$B$2:$B$2000,MATCH($B28,클레임목록!$O$2:$O$2000,0)))) | E28: =IF($B28="","",IF(INDEX(클레임목록!$C$2:$C$2000,MATCH($B28,클레임목록!$O$2:$O$2000,0))="","",INDEX(클레임목록!$C$2:$C$2000,MATCH($B28,클레임목록!$O$2:$O$2000,0)))) | F28: =IF($B28="","",IF(INDEX(클레임목록!$D$2:$D$2000,MATCH($B28,클레임목록!$O$2:$O$2000,0))="","",INDEX(클레임목록!$D$2:$D$2000,MATCH($B28,클레임목록!$O$2:$O$2000,0)))) | G28: =IF($B28="","",IF(INDEX(클레임목록!$E$2:$E$2000,MATCH($B28,클레임목록!$O$2:$O$2000,0))="","",INDEX(클레임목록!$E$2:$E$2000,MATCH($B28,클레임목록!$O$2:$O$2000,0)))) | H28: =IF($B28="","",IF(INDEX(클레임목록!$F$2:$F$2000,MATCH($B28,클레임목록!$O$2:$O$2000,0))="","",INDEX(클레임목록!$F$2:$F$2000,MATCH($B28,클레임목록!$O$2:$O$2000,0)))) | I28: =IF($B28="","",IF(INDEX(클레임목록!$G$2:$G$2000,MATCH($B28,클레임목록!$O$2:$O$2000,0))="","",INDEX(클레임목록!$G$2:$G$2000,MATCH($B28,클레임목록!$O$2:$O$2000,0)))) | J28: =IF($B28="","",IF(INDEX(클레임목록!$H$2:$H$2000,MATCH($B28,클레임목록!$O$2:$O$2000,0))="","",INDEX(클레임목록!$H$2:$H$2000,MATCH($B28,클레임목록!$O$2:$O$2000,0)))) | K28: =IF($B28="","",IF(INDEX(클레임목록!$I$2:$I$2000,MATCH($B28,클레임목록!$O$2:$O$2000,0))="","",INDEX(클레임목록!$I$2:$I$2000,MATCH($B28,클레임목록!$O$2:$O$2000,0)))) | L28: =IF($B28="","",IF(INDEX(클레임목록!$J$2:$J$2000,MATCH($B28,클레임목록!$O$2:$O$2000,0))="","",INDEX(클레임목록!$J$2:$J$2000,MATCH($B28,클레임목록!$O$2:$O$2000,0))))
B29: =IF(16<=$C$11,16,"") | C29: =IF($B29="","",IF(INDEX(클레임목록!$A$2:$A$2000,MATCH($B29,클레임목록!$O$2:$O$2000,0))="","",INDEX(클레임목록!$A$2:$A$2000,MATCH($B29,클레임목록!$O$2:$O$2000,0)))) | D29: =IF($B29="","",IF(INDEX(클레임목록!$B$2:$B$2000,MATCH($B29,클레임목록!$O$2:$O$2000,0))="","",INDEX(클레임목록!$B$2:$B$2000,MATCH($B29,클레임목록!$O$2:$O$2000,0)))) | E29: =IF($B29="","",IF(INDEX(클레임목록!$C$2:$C$2000,MATCH($B29,클레임목록!$O$2:$O$2000,0))="","",INDEX(클레임목록!$C$2:$C$2000,MATCH($B29,클레임목록!$O$2:$O$2000,0)))) | F29: =IF($B29="","",IF(INDEX(클레임목록!$D$2:$D$2000,MATCH($B29,클레임목록!$O$2:$O$2000,0))="","",INDEX(클레임목록!$D$2:$D$2000,MATCH($B29,클레임목록!$O$2:$O$2000,0)))) | G29: =IF($B29="","",IF(INDEX(클레임목록!$E$2:$E$2000,MATCH($B29,클레임목록!$O$2:$O$2000,0))="","",INDEX(클레임목록!$E$2:$E$2000,MATCH($B29,클레임목록!$O$2:$O$2000,0)))) | H29: =IF($B29="","",IF(INDEX(클레임목록!$F$2:$F$2000,MATCH($B29,클레임목록!$O$2:$O$2000,0))="","",INDEX(클레임목록!$F$2:$F$2000,MATCH($B29,클레임목록!$O$2:$O$2000,0)))) | I29: =IF($B29="","",IF(INDEX(클레임목록!$G$2:$G$2000,MATCH($B29,클레임목록!$O$2:$O$2000,0))="","",INDEX(클레임목록!$G$2:$G$2000,MATCH($B29,클레임목록!$O$2:$O$2000,0)))) | J29: =IF($B29="","",IF(INDEX(클레임목록!$H$2:$H$2000,MATCH($B29,클레임목록!$O$2:$O$2000,0))="","",INDEX(클레임목록!$H$2:$H$2000,MATCH($B29,클레임목록!$O$2:$O$2000,0)))) | K29: =IF($B29="","",IF(INDEX(클레임목록!$I$2:$I$2000,MATCH($B29,클레임목록!$O$2:$O$2000,0))="","",INDEX(클레임목록!$I$2:$I$2000,MATCH($B29,클레임목록!$O$2:$O$2000,0)))) | L29: =IF($B29="","",IF(INDEX(클레임목록!$J$2:$J$2000,MATCH($B29,클레임목록!$O$2:$O$2000,0))="","",INDEX(클레임목록!$J$2:$J$2000,MATCH($B29,클레임목록!$O$2:$O$2000,0))))
B30: =IF(17<=$C$11,17,"") | C30: =IF($B30="","",IF(INDEX(클레임목록!$A$2:$A$2000,MATCH($B30,클레임목록!$O$2:$O$2000,0))="","",INDEX(클레임목록!$A$2:$A$2000,MATCH($B30,클레임목록!$O$2:$O$2000,0)))) | D30: =IF($B30="","",IF(INDEX(클레임목록!$B$2:$B$2000,MATCH($B30,클레임목록!$O$2:$O$2000,0))="","",INDEX(클레임목록!$B$2:$B$2000,MATCH($B30,클레임목록!$O$2:$O$2000,0)))) | E30: =IF($B30="","",IF(INDEX(클레임목록!$C$2:$C$2000,MATCH($B30,클레임목록!$O$2:$O$2000,0))="","",INDEX(클레임목록!$C$2:$C$2000,MATCH($B30,클레임목록!$O$2:$O$2000,0)))) | F30: =IF($B30="","",IF(INDEX(클레임목록!$D$2:$D$2000,MATCH($B30,클레임목록!$O$2:$O$2000,0))="","",INDEX(클레임목록!$D$2:$D$2000,MATCH($B30,클레임목록!$O$2:$O$2000,0)))) | G30: =IF($B30="","",IF(INDEX(클레임목록!$E$2:$E$2000,MATCH($B30,클레임목록!$O$2:$O$2000,0))="","",INDEX(클레임목록!$E$2:$E$2000,MATCH($B30,클레임목록!$O$2:$O$2000,0)))) | H30: =IF($B30="","",IF(INDEX(클레임목록!$F$2:$F$2000,MATCH($B30,클레임목록!$O$2:$O$2000,0))="","",INDEX(클레임목록!$F$2:$F$2000,MATCH($B30,클레임목록!$O$2:$O$2000,0)))) | I30: =IF($B30="","",IF(INDEX(클레임목록!$G$2:$G$2000,MATCH($B30,클레임목록!$O$2:$O$2000,0))="","",INDEX(클레임목록!$G$2:$G$2000,MATCH($B30,클레임목록!$O$2:$O$2000,0)))) | J30: =IF($B30="","",IF(INDEX(클레임목록!$H$2:$H$2000,MATCH($B30,클레임목록!$O$2:$O$2000,0))="","",INDEX(클레임목록!$H$2:$H$2000,MATCH($B30,클레임목록!$O$2:$O$2000,0)))) | K30: =IF($B30="","",IF(INDEX(클레임목록!$I$2:$I$2000,MATCH($B30,클레임목록!$O$2:$O$2000,0))="","",INDEX(클레임목록!$I$2:$I$2000,MATCH($B30,클레임목록!$O$2:$O$2000,0)))) | L30: =IF($B30="","",IF(INDEX(클레임목록!$J$2:$J$2000,MATCH($B30,클레임목록!$O$2:$O$2000,0))="","",INDEX(클레임목록!$J$2:$J$2000,MATCH($B30,클레임목록!$O$2:$O$2000,0))))
B31: =IF(18<=$C$11,18,"") | C31: =IF($B31="","",IF(INDEX(클레임목록!$A$2:$A$2000,MATCH($B31,클레임목록!$O$2:$O$2000,0))="","",INDEX(클레임목록!$A$2:$A$2000,MATCH($B31,클레임목록!$O$2:$O$2000,0)))) | D31: =IF($B31="","",IF(INDEX(클레임목록!$B$2:$B$2000,MATCH($B31,클레임목록!$O$2:$O$2000,0))="","",INDEX(클레임목록!$B$2:$B$2000,MATCH($B31,클레임목록!$O$2:$O$2000,0)))) | E31: =IF($B31="","",IF(INDEX(클레임목록!$C$2:$C$2000,MATCH($B31,클레임목록!$O$2:$O$2000,0))="","",INDEX(클레임목록!$C$2:$C$2000,MATCH($B31,클레임목록!$O$2:$O$2000,0)))) | F31: =IF($B31="","",IF(INDEX(클레임목록!$D$2:$D$2000,MATCH($B31,클레임목록!$O$2:$O$2000,0))="","",INDEX(클레임목록!$D$2:$D$2000,MATCH($B31,클레임목록!$O$2:$O$2000,0)))) | G31: =IF($B31="","",IF(INDEX(클레임목록!$E$2:$E$2000,MATCH($B31,클레임목록!$O$2:$O$2000,0))="","",INDEX(클레임목록!$E$2:$E$2000,MATCH($B31,클레임목록!$O$2:$O$2000,0)))) | H31: =IF($B31="","",IF(INDEX(클레임목록!$F$2:$F$2000,MATCH($B31,클레임목록!$O$2:$O$2000,0))="","",INDEX(클레임목록!$F$2:$F$2000,MATCH($B31,클레임목록!$O$2:$O$2000,0)))) | I31: =IF($B31="","",IF(INDEX(클레임목록!$G$2:$G$2000,MATCH($B31,클레임목록!$O$2:$O$2000,0))="","",INDEX(클레임목록!$G$2:$G$2000,MATCH($B31,클레임목록!$O$2:$O$2000,0)))) | J31: =IF($B31="","",IF(INDEX(클레임목록!$H$2:$H$2000,MATCH($B31,클레임목록!$O$2:$O$2000,0))="","",INDEX(클레임목록!$H$2:$H$2000,MATCH($B31,클레임목록!$O$2:$O$2000,0)))) | K31: =IF($B31="","",IF(INDEX(클레임목록!$I$2:$I$2000,MATCH($B31,클레임목록!$O$2:$O$2000,0))="","",INDEX(클레임목록!$I$2:$I$2000,MATCH($B31,클레임목록!$O$2:$O$2000,0)))) | L31: =IF($B31="","",IF(INDEX(클레임목록!$J$2:$J$2000,MATCH($B31,클레임목록!$O$2:$O$2000,0))="","",INDEX(클레임목록!$J$2:$J$2000,MATCH($B31,클레임목록!$O$2:$O$2000,0))))
B32: =IF(19<=$C$11,19,"") | C32: =IF($B32="","",IF(INDEX(클레임목록!$A$2:$A$2000,MATCH($B32,클레임목록!$O$2:$O$2000,0))="","",INDEX(클레임목록!$A$2:$A$2000,MATCH($B32,클레임목록!$O$2:$O$2000,0)))) | D32: =IF($B32="","",IF(INDEX(클레임목록!$B$2:$B$2000,MATCH($B32,클레임목록!$O$2:$O$2000,0))="","",INDEX(클레임목록!$B$2:$B$2000,MATCH($B32,클레임목록!$O$2:$O$2000,0)))) | E32: =IF($B32="","",IF(INDEX(클레임목록!$C$2:$C$2000,MATCH($B32,클레임목록!$O$2:$O$2000,0))="","",INDEX(클레임목록!$C$2:$C$2000,MATCH($B32,클레임목록!$O$2:$O$2000,0)))) | F32: =IF($B32="","",IF(INDEX(클레임목록!$D$2:$D$2000,MATCH($B32,클레임목록!$O$2:$O$2000,0))="","",INDEX(클레임목록!$D$2:$D$2000,MATCH($B32,클레임목록!$O$2:$O$2000,0)))) | G32: =IF($B32="","",IF(INDEX(클레임목록!$E$2:$E$2000,MATCH($B32,클레임목록!$O$2:$O$2000,0))="","",INDEX(클레임목록!$E$2:$E$2000,MATCH($B32,클레임목록!$O$2:$O$2000,0)))) | H32: =IF($B32="","",IF(INDEX(클레임목록!$F$2:$F$2000,MATCH($B32,클레임목록!$O$2:$O$2000,0))="","",INDEX(클레임목록!$F$2:$F$2000,MATCH($B32,클레임목록!$O$2:$O$2000,0)))) | I32: =IF($B32="","",IF(INDEX(클레임목록!$G$2:$G$2000,MATCH($B32,클레임목록!$O$2:$O$2000,0))="","",INDEX(클레임목록!$G$2:$G$2000,MATCH($B32,클레임목록!$O$2:$O$2000,0)))) | J32: =IF($B32="","",IF(INDEX(클레임목록!$H$2:$H$2000,MATCH($B32,클레임목록!$O$2:$O$2000,0))="","",INDEX(클레임목록!$H$2:$H$2000,MATCH($B32,클레임목록!$O$2:$O$2000,0)))) | K32: =IF($B32="","",IF(INDEX(클레임목록!$I$2:$I$2000,MATCH($B32,클레임목록!$O$2:$O$2000,0))="","",INDEX(클레임목록!$I$2:$I$2000,MATCH($B32,클레임목록!$O$2:$O$2000,0)))) | L32: =IF($B32="","",IF(INDEX(클레임목록!$J$2:$J$2000,MATCH($B32,클레임목록!$O$2:$O$2000,0))="","",INDEX(클레임목록!$J$2:$J$2000,MATCH($B32,클레임목록!$O$2:$O$2000,0))))
B33: =IF(20<=$C$11,20,"") | C33: =IF($B33="","",IF(INDEX(클레임목록!$A$2:$A$2000,MATCH($B33,클레임목록!$O$2:$O$2000,0))="","",INDEX(클레임목록!$A$2:$A$2000,MATCH($B33,클레임목록!$O$2:$O$2000,0)))) | D33: =IF($B33="","",IF(INDEX(클레임목록!$B$2:$B$2000,MATCH($B33,클레임목록!$O$2:$O$2000,0))="","",INDEX(클레임목록!$B$2:$B$2000,MATCH($B33,클레임목록!$O$2:$O$2000,0)))) | E33: =IF($B33="","",IF(INDEX(클레임목록!$C$2:$C$2000,MATCH($B33,클레임목록!$O$2:$O$2000,0))="","",INDEX(클레임목록!$C$2:$C$2000,MATCH($B33,클레임목록!$O$2:$O$2000,0)))) | F33: =IF($B33="","",IF(INDEX(클레임목록!$D$2:$D$2000,MATCH($B33,클레임목록!$O$2:$O$2000,0))="","",INDEX(클레임목록!$D$2:$D$2000,MATCH($B33,클레임목록!$O$2:$O$2000,0)))) | G33: =IF($B33="","",IF(INDEX(클레임목록!$E$2:$E$2000,MATCH($B33,클레임목록!$O$2:$O$2000,0))="","",INDEX(클레임목록!$E$2:$E$2000,MATCH($B33,클레임목록!$O$2:$O$2000,0)))) | H33: =IF($B33="","",IF(INDEX(클레임목록!$F$2:$F$2000,MATCH($B33,클레임목록!$O$2:$O$2000,0))="","",INDEX(클레임목록!$F$2:$F$2000,MATCH($B33,클레임목록!$O$2:$O$2000,0)))) | I33: =IF($B33="","",IF(INDEX(클레임목록!$G$2:$G$2000,MATCH($B33,클레임목록!$O$2:$O$2000,0))="","",INDEX(클레임목록!$G$2:$G$2000,MATCH($B33,클레임목록!$O$2:$O$2000,0)))) | J33: =IF($B33="","",IF(INDEX(클레임목록!$H$2:$H$2000,MATCH($B33,클레임목록!$O$2:$O$2000,0))="","",INDEX(클레임목록!$H$2:$H$2000,MATCH($B33,클레임목록!$O$2:$O$2000,0)))) | K33: =IF($B33="","",IF(INDEX(클레임목록!$I$2:$I$2000,MATCH($B33,클레임목록!$O$2:$O$2000,0))="","",INDEX(클레임목록!$I$2:$I$2000,MATCH($B33,클레임목록!$O$2:$O$2000,0)))) | L33: =IF($B33="","",IF(INDEX(클레임목록!$J$2:$J$2000,MATCH($B33,클레임목록!$O$2:$O$2000,0))="","",INDEX(클레임목록!$J$2:$J$2000,MATCH($B33,클레임목록!$O$2:$O$2000,0))))
B34: =IF(21<=$C$11,21,"") | C34: =IF($B34="","",IF(INDEX(클레임목록!$A$2:$A$2000,MATCH($B34,클레임목록!$O$2:$O$2000,0))="","",INDEX(클레임목록!$A$2:$A$2000,MATCH($B34,클레임목록!$O$2:$O$2000,0)))) | D34: =IF($B34="","",IF(INDEX(클레임목록!$B$2:$B$2000,MATCH($B34,클레임목록!$O$2:$O$2000,0))="","",INDEX(클레임목록!$B$2:$B$2000,MATCH($B34,클레임목록!$O$2:$O$2000,0)))) | E34: =IF($B34="","",IF(INDEX(클레임목록!$C$2:$C$2000,MATCH($B34,클레임목록!$O$2:$O$2000,0))="","",INDEX(클레임목록!$C$2:$C$2000,MATCH($B34,클레임목록!$O$2:$O$2000,0)))) | F34: =IF($B34="","",IF(INDEX(클레임목록!$D$2:$D$2000,MATCH($B34,클레임목록!$O$2:$O$2000,0))="","",INDEX(클레임목록!$D$2:$D$2000,MATCH($B34,클레임목록!$O$2:$O$2000,0)))) | G34: =IF($B34="","",IF(INDEX(클레임목록!$E$2:$E$2000,MATCH($B34,클레임목록!$O$2:$O$2000,0))="","",INDEX(클레임목록!$E$2:$E$2000,MATCH($B34,클레임목록!$O$2:$O$2000,0)))) | H34: =IF($B34="","",IF(INDEX(클레임목록!$F$2:$F$2000,MATCH($B34,클레임목록!$O$2:$O$2000,0))="","",INDEX(클레임목록!$F$2:$F$2000,MATCH($B34,클레임목록!$O$2:$O$2000,0)))) | I34: =IF($B34="","",IF(INDEX(클레임목록!$G$2:$G$2000,MATCH($B34,클레임목록!$O$2:$O$2000,0))="","",INDEX(클레임목록!$G$2:$G$2000,MATCH($B34,클레임목록!$O$2:$O$2000,0)))) | J34: =IF($B34="","",IF(INDEX(클레임목록!$H$2:$H$2000,MATCH($B34,클레임목록!$O$2:$O$2000,0))="","",INDEX(클레임목록!$H$2:$H$2000,MATCH($B34,클레임목록!$O$2:$O$2000,0)))) | K34: =IF($B34="","",IF(INDEX(클레임목록!$I$2:$I$2000,MATCH($B34,클레임목록!$O$2:$O$2000,0))="","",INDEX(클레임목록!$I$2:$I$2000,MATCH($B34,클레임목록!$O$2:$O$2000,0)))) | L34: =IF($B34="","",IF(INDEX(클레임목록!$J$2:$J$2000,MATCH($B34,클레임목록!$O$2:$O$2000,0))="","",INDEX(클레임목록!$J$2:$J$2000,MATCH($B34,클레임목록!$O$2:$O$2000,0))))
B35: =IF(22<=$C$11,22,"") | C35: =IF($B35="","",IF(INDEX(클레임목록!$A$2:$A$2000,MATCH($B35,클레임목록!$O$2:$O$2000,0))="","",INDEX(클레임목록!$A$2:$A$2000,MATCH($B35,클레임목록!$O$2:$O$2000,0)))) | D35: =IF($B35="","",IF(INDEX(클레임목록!$B$2:$B$2000,MATCH($B35,클레임목록!$O$2:$O$2000,0))="","",INDEX(클레임목록!$B$2:$B$2000,MATCH($B35,클레임목록!$O$2:$O$2000,0)))) | E35: =IF($B35="","",IF(INDEX(클레임목록!$C$2:$C$2000,MATCH($B35,클레임목록!$O$2:$O$2000,0))="","",INDEX(클레임목록!$C$2:$C$2000,MATCH($B35,클레임목록!$O$2:$O$2000,0)))) | F35: =IF($B35="","",IF(INDEX(클레임목록!$D$2:$D$2000,MATCH($B35,클레임목록!$O$2:$O$2000,0))="","",INDEX(클레임목록!$D$2:$D$2000,MATCH($B35,클레임목록!$O$2:$O$2000,0)))) | G35: =IF($B35="","",IF(INDEX(클레임목록!$E$2:$E$2000,MATCH($B35,클레임목록!$O$2:$O$2000,0))="","",INDEX(클레임목록!$E$2:$E$2000,MATCH($B35,클레임목록!$O$2:$O$2000,0)))) | H35: =IF($B35="","",IF(INDEX(클레임목록!$F$2:$F$2000,MATCH($B35,클레임목록!$O$2:$O$2000,0))="","",INDEX(클레임목록!$F$2:$F$2000,MATCH($B35,클레임목록!$O$2:$O$2000,0)))) | I35: =IF($B35="","",IF(INDEX(클레임목록!$G$2:$G$2000,MATCH($B35,클레임목록!$O$2:$O$2000,0))="","",INDEX(클레임목록!$G$2:$G$2000,MATCH($B35,클레임목록!$O$2:$O$2000,0)))) | J35: =IF($B35="","",IF(INDEX(클레임목록!$H$2:$H$2000,MATCH($B35,클레임목록!$O$2:$O$2000,0))="","",INDEX(클레임목록!$H$2:$H$2000,MATCH($B35,클레임목록!$O$2:$O$2000,0)))) | K35: =IF($B35="","",IF(INDEX(클레임목록!$I$2:$I$2000,MATCH($B35,클레임목록!$O$2:$O$2000,0))="","",INDEX(클레임목록!$I$2:$I$2000,MATCH($B35,클레임목록!$O$2:$O$2000,0)))) | L35: =IF($B35="","",IF(INDEX(클레임목록!$J$2:$J$2000,MATCH($B35,클레임목록!$O$2:$O$2000,0))="","",INDEX(클레임목록!$J$2:$J$2000,MATCH($B35,클레임목록!$O$2:$O$2000,0))))
B36: =IF(23<=$C$11,23,"") | C36: =IF($B36="","",IF(INDEX(클레임목록!$A$2:$A$2000,MATCH($B36,클레임목록!$O$2:$O$2000,0))="","",INDEX(클레임목록!$A$2:$A$2000,MATCH($B36,클레임목록!$O$2:$O$2000,0)))) | D36: =IF($B36="","",IF(INDEX(클레임목록!$B$2:$B$2000,MATCH($B36,클레임목록!$O$2:$O$2000,0))="","",INDEX(클레임목록!$B$2:$B$2000,MATCH($B36,클레임목록!$O$2:$O$2000,0)))) | E36: =IF($B36="","",IF(INDEX(클레임목록!$C$2:$C$2000,MATCH($B36,클레임목록!$O$2:$O$2000,0))="","",INDEX(클레임목록!$C$2:$C$2000,MATCH($B36,클레임목록!$O$2:$O$2000,0)))) | F36: =IF($B36="","",IF(INDEX(클레임목록!$D$2:$D$2000,MATCH($B36,클레임목록!$O$2:$O$2000,0))="","",INDEX(클레임목록!$D$2:$D$2000,MATCH($B36,클레임목록!$O$2:$O$2000,0)))) | G36: =IF($B36="","",IF(INDEX(클레임목록!$E$2:$E$2000,MATCH($B36,클레임목록!$O$2:$O$2000,0))="","",INDEX(클레임목록!$E$2:$E$2000,MATCH($B36,클레임목록!$O$2:$O$2000,0)))) | H36: =IF($B36="","",IF(INDEX(클레임목록!$F$2:$F$2000,MATCH($B36,클레임목록!$O$2:$O$2000,0))="","",INDEX(클레임목록!$F$2:$F$2000,MATCH($B36,클레임목록!$O$2:$O$2000,0)))) | I36: =IF($B36="","",IF(INDEX(클레임목록!$G$2:$G$2000,MATCH($B36,클레임목록!$O$2:$O$2000,0))="","",INDEX(클레임목록!$G$2:$G$2000,MATCH($B36,클레임목록!$O$2:$O$2000,0)))) | J36: =IF($B36="","",IF(INDEX(클레임목록!$H$2:$H$2000,MATCH($B36,클레임목록!$O$2:$O$2000,0))="","",INDEX(클레임목록!$H$2:$H$2000,MATCH($B36,클레임목록!$O$2:$O$2000,0)))) | K36: =IF($B36="","",IF(INDEX(클레임목록!$I$2:$I$2000,MATCH($B36,클레임목록!$O$2:$O$2000,0))="","",INDEX(클레임목록!$I$2:$I$2000,MATCH($B36,클레임목록!$O$2:$O$2000,0)))) | L36: =IF($B36="","",IF(INDEX(클레임목록!$J$2:$J$2000,MATCH($B36,클레임목록!$O$2:$O$2000,0))="","",INDEX(클레임목록!$J$2:$J$2000,MATCH($B36,클레임목록!$O$2:$O$2000,0))))
B37: =IF(24<=$C$11,24,"") | C37: =IF($B37="","",IF(INDEX(클레임목록!$A$2:$A$2000,MATCH($B37,클레임목록!$O$2:$O$2000,0))="","",INDEX(클레임목록!$A$2:$A$2000,MATCH($B37,클레임목록!$O$2:$O$2000,0)))) | D37: =IF($B37="","",IF(INDEX(클레임목록!$B$2:$B$2000,MATCH($B37,클레임목록!$O$2:$O$2000,0))="","",INDEX(클레임목록!$B$2:$B$2000,MATCH($B37,클레임목록!$O$2:$O$2000,0)))) | E37: =IF($B37="","",IF(INDEX(클레임목록!$C$2:$C$2000,MATCH($B37,클레임목록!$O$2:$O$2000,0))="","",INDEX(클레임목록!$C$2:$C$2000,MATCH($B37,클레임목록!$O$2:$O$2000,0)))) | F37: =IF($B37="","",IF(INDEX(클레임목록!$D$2:$D$2000,MATCH($B37,클레임목록!$O$2:$O$2000,0))="","",INDEX(클레임목록!$D$2:$D$2000,MATCH($B37,클레임목록!$O$2:$O$2000,0)))) | G37: =IF($B37="","",IF(INDEX(클레임목록!$E$2:$E$2000,MATCH($B37,클레임목록!$O$2:$O$2000,0))="","",INDEX(클레임목록!$E$2:$E$2000,MATCH($B37,클레임목록!$O$2:$O$2000,0)))) | H37: =IF($B37="","",IF(INDEX(클레임목록!$F$2:$F$2000,MATCH($B37,클레임목록!$O$2:$O$2000,0))="","",INDEX(클레임목록!$F$2:$F$2000,MATCH($B37,클레임목록!$O$2:$O$2000,0)))) | I37: =IF($B37="","",IF(INDEX(클레임목록!$G$2:$G$2000,MATCH($B37,클레임목록!$O$2:$O$2000,0))="","",INDEX(클레임목록!$G$2:$G$2000,MATCH($B37,클레임목록!$O$2:$O$2000,0)))) | J37: =IF($B37="","",IF(INDEX(클레임목록!$H$2:$H$2000,MATCH($B37,클레임목록!$O$2:$O$2000,0))="","",INDEX(클레임목록!$H$2:$H$2000,MATCH($B37,클레임목록!$O$2:$O$2000,0)))) | K37: =IF($B37="","",IF(INDEX(클레임목록!$I$2:$I$2000,MATCH($B37,클레임목록!$O$2:$O$2000,0))="","",INDEX(클레임목록!$I$2:$I$2000,MATCH($B37,클레임목록!$O$2:$O$2000,0)))) | L37: =IF($B37="","",IF(INDEX(클레임목록!$J$2:$J$2000,MATCH($B37,클레임목록!$O$2:$O$2000,0))="","",INDEX(클레임목록!$J$2:$J$2000,MATCH($B37,클레임목록!$O$2:$O$2000,0))))
B38: =IF(25<=$C$11,25,"") | C38: =IF($B38="","",IF(INDEX(클레임목록!$A$2:$A$2000,MATCH($B38,클레임목록!$O$2:$O$2000,0))="","",INDEX(클레임목록!$A$2:$A$2000,MATCH($B38,클레임목록!$O$2:$O$2000,0)))) | D38: =IF($B38="","",IF(INDEX(클레임목록!$B$2:$B$2000,MATCH($B38,클레임목록!$O$2:$O$2000,0))="","",INDEX(클레임목록!$B$2:$B$2000,MATCH($B38,클레임목록!$O$2:$O$2000,0)))) | E38: =IF($B38="","",IF(INDEX(클레임목록!$C$2:$C$2000,MATCH($B38,클레임목록!$O$2:$O$2000,0))="","",INDEX(클레임목록!$C$2:$C$2000,MATCH($B38,클레임목록!$O$2:$O$2000,0)))) | F38: =IF($B38="","",IF(INDEX(클레임목록!$D$2:$D$2000,MATCH($B38,클레임목록!$O$2:$O$2000,0))="","",INDEX(클레임목록!$D$2:$D$2000,MATCH($B38,클레임목록!$O$2:$O$2000,0)))) | G38: =IF($B38="","",IF(INDEX(클레임목록!$E$2:$E$2000,MATCH($B38,클레임목록!$O$2:$O$2000,0))="","",INDEX(클레임목록!$E$2:$E$2000,MATCH($B38,클레임목록!$O$2:$O$2000,0)))) | H38: =IF($B38="","",IF(INDEX(클레임목록!$F$2:$F$2000,MATCH($B38,클레임목록!$O$2:$O$2000,0))="","",INDEX(클레임목록!$F$2:$F$2000,MATCH($B38,클레임목록!$O$2:$O$2000,0)))) | I38: =IF($B38="","",IF(INDEX(클레임목록!$G$2:$G$2000,MATCH($B38,클레임목록!$O$2:$O$2000,0))="","",INDEX(클레임목록!$G$2:$G$2000,MATCH($B38,클레임목록!$O$2:$O$2000,0)))) | J38: =IF($B38="","",IF(INDEX(클레임목록!$H$2:$H$2000,MATCH($B38,클레임목록!$O$2:$O$2000,0))="","",INDEX(클레임목록!$H$2:$H$2000,MATCH($B38,클레임목록!$O$2:$O$2000,0)))) | K38: =IF($B38="","",IF(INDEX(클레임목록!$I$2:$I$2000,MATCH($B38,클레임목록!$O$2:$O$2000,0))="","",INDEX(클레임목록!$I$2:$I$2000,MATCH($B38,클레임목록!$O$2:$O$2000,0)))) | L38: =IF($B38="","",IF(INDEX(클레임목록!$J$2:$J$2000,MATCH($B38,클레임목록!$O$2:$O$2000,0))="","",INDEX(클레임목록!$J$2:$J$2000,MATCH($B38,클레임목록!$O$2:$O$2000,0))))
B39: =IF(26<=$C$11,26,"") | C39: =IF($B39="","",IF(INDEX(클레임목록!$A$2:$A$2000,MATCH($B39,클레임목록!$O$2:$O$2000,0))="","",INDEX(클레임목록!$A$2:$A$2000,MATCH($B39,클레임목록!$O$2:$O$2000,0)))) | D39: =IF($B39="","",IF(INDEX(클레임목록!$B$2:$B$2000,MATCH($B39,클레임목록!$O$2:$O$2000,0))="","",INDEX(클레임목록!$B$2:$B$2000,MATCH($B39,클레임목록!$O$2:$O$2000,0)))) | E39: =IF($B39="","",IF(INDEX(클레임목록!$C$2:$C$2000,MATCH($B39,클레임목록!$O$2:$O$2000,0))="","",INDEX(클레임목록!$C$2:$C$2000,MATCH($B39,클레임목록!$O$2:$O$2000,0)))) | F39: =IF($B39="","",IF(INDEX(클레임목록!$D$2:$D$2000,MATCH($B39,클레임목록!$O$2:$O$2000,0))="","",INDEX(클레임목록!$D$2:$D$2000,MATCH($B39,클레임목록!$O$2:$O$2000,0)))) | G39: =IF($B39="","",IF(INDEX(클레임목록!$E$2:$E$2000,MATCH($B39,클레임목록!$O$2:$O$2000,0))="","",INDEX(클레임목록!$E$2:$E$2000,MATCH($B39,클레임목록!$O$2:$O$2000,0)))) | H39: =IF($B39="","",IF(INDEX(클레임목록!$F$2:$F$2000,MATCH($B39,클레임목록!$O$2:$O$2000,0))="","",INDEX(클레임목록!$F$2:$F$2000,MATCH($B39,클레임목록!$O$2:$O$2000,0)))) | I39: =IF($B39="","",IF(INDEX(클레임목록!$G$2:$G$2000,MATCH($B39,클레임목록!$O$2:$O$2000,0))="","",INDEX(클레임목록!$G$2:$G$2000,MATCH($B39,클레임목록!$O$2:$O$2000,0)))) | J39: =IF($B39="","",IF(INDEX(클레임목록!$H$2:$H$2000,MATCH($B39,클레임목록!$O$2:$O$2000,0))="","",INDEX(클레임목록!$H$2:$H$2000,MATCH($B39,클레임목록!$O$2:$O$2000,0)))) | K39: =IF($B39="","",IF(INDEX(클레임목록!$I$2:$I$2000,MATCH($B39,클레임목록!$O$2:$O$2000,0))="","",INDEX(클레임목록!$I$2:$I$2000,MATCH($B39,클레임목록!$O$2:$O$2000,0)))) | L39: =IF($B39="","",IF(INDEX(클레임목록!$J$2:$J$2000,MATCH($B39,클레임목록!$O$2:$O$2000,0))="","",INDEX(클레임목록!$J$2:$J$2000,MATCH($B39,클레임목록!$O$2:$O$2000,0))))
B40: =IF(27<=$C$11,27,"") | C40: =IF($B40="","",IF(INDEX(클레임목록!$A$2:$A$2000,MATCH($B40,클레임목록!$O$2:$O$2000,0))="","",INDEX(클레임목록!$A$2:$A$2000,MATCH($B40,클레임목록!$O$2:$O$2000,0)))) | D40: =IF($B40="","",IF(INDEX(클레임목록!$B$2:$B$2000,MATCH($B40,클레임목록!$O$2:$O$2000,0))="","",INDEX(클레임목록!$B$2:$B$2000,MATCH($B40,클레임목록!$O$2:$O$2000,0)))) | E40: =IF($B40="","",IF(INDEX(클레임목록!$C$2:$C$2000,MATCH($B40,클레임목록!$O$2:$O$2000,0))="","",INDEX(클레임목록!$C$2:$C$2000,MATCH($B40,클레임목록!$O$2:$O$2000,0)))) | F40: =IF($B40="","",IF(INDEX(클레임목록!$D$2:$D$2000,MATCH($B40,클레임목록!$O$2:$O$2000,0))="","",INDEX(클레임목록!$D$2:$D$2000,MATCH($B40,클레임목록!$O$2:$O$2000,0)))) | G40: =IF($B40="","",IF(INDEX(클레임목록!$E$2:$E$2000,MATCH($B40,클레임목록!$O$2:$O$2000,0))="","",INDEX(클레임목록!$E$2:$E$2000,MATCH($B40,클레임목록!$O$2:$O$2000,0)))) | H40: =IF($B40="","",IF(INDEX(클레임목록!$F$2:$F$2000,MATCH($B40,클레임목록!$O$2:$O$2000,0))="","",INDEX(클레임목록!$F$2:$F$2000,MATCH($B40,클레임목록!$O$2:$O$2000,0)))) | I40: =IF($B40="","",IF(INDEX(클레임목록!$G$2:$G$2000,MATCH($B40,클레임목록!$O$2:$O$2000,0))="","",INDEX(클레임목록!$G$2:$G$2000,MATCH($B40,클레임목록!$O$2:$O$2000,0)))) | J40: =IF($B40="","",IF(INDEX(클레임목록!$H$2:$H$2000,MATCH($B40,클레임목록!$O$2:$O$2000,0))="","",INDEX(클레임목록!$H$2:$H$2000,MATCH($B40,클레임목록!$O$2:$O$2000,0)))) | K40: =IF($B40="","",IF(INDEX(클레임목록!$I$2:$I$2000,MATCH($B40,클레임목록!$O$2:$O$2000,0))="","",INDEX(클레임목록!$I$2:$I$2000,MATCH($B40,클레임목록!$O$2:$O$2000,0)))) | L40: =IF($B40="","",IF(INDEX(클레임목록!$J$2:$J$2000,MATCH($B40,클레임목록!$O$2:$O$2000,0))="","",INDEX(클레임목록!$J$2:$J$2000,MATCH($B40,클레임목록!$O$2:$O$2000,0))))
B41: =IF(28<=$C$11,28,"") | C41: =IF($B41="","",IF(INDEX(클레임목록!$A$2:$A$2000,MATCH($B41,클레임목록!$O$2:$O$2000,0))="","",INDEX(클레임목록!$A$2:$A$2000,MATCH($B41,클레임목록!$O$2:$O$2000,0)))) | D41: =IF($B41="","",IF(INDEX(클레임목록!$B$2:$B$2000,MATCH($B41,클레임목록!$O$2:$O$2000,0))="","",INDEX(클레임목록!$B$2:$B$2000,MATCH($B41,클레임목록!$O$2:$O$2000,0)))) | E41: =IF($B41="","",IF(INDEX(클레임목록!$C$2:$C$2000,MATCH($B41,클레임목록!$O$2:$O$2000,0))="","",INDEX(클레임목록!$C$2:$C$2000,MATCH($B41,클레임목록!$O$2:$O$2000,0)))) | F41: =IF($B41="","",IF(INDEX(클레임목록!$D$2:$D$2000,MATCH($B41,클레임목록!$O$2:$O$2000,0))="","",INDEX(클레임목록!$D$2:$D$2000,MATCH($B41,클레임목록!$O$2:$O$2000,0)))) | G41: =IF($B41="","",IF(INDEX(클레임목록!$E$2:$E$2000,MATCH($B41,클레임목록!$O$2:$O$2000,0))="","",INDEX(클레임목록!$E$2:$E$2000,MATCH($B41,클레임목록!$O$2:$O$2000,0)))) | H41: =IF($B41="","",IF(INDEX(클레임목록!$F$2:$F$2000,MATCH($B41,클레임목록!$O$2:$O$2000,0))="","",INDEX(클레임목록!$F$2:$F$2000,MATCH($B41,클레임목록!$O$2:$O$2000,0)))) | I41: =IF($B41="","",IF(INDEX(클레임목록!$G$2:$G$2000,MATCH($B41,클레임목록!$O$2:$O$2000,0))="","",INDEX(클레임목록!$G$2:$G$2000,MATCH($B41,클레임목록!$O$2:$O$2000,0)))) | J41: =IF($B41="","",IF(INDEX(클레임목록!$H$2:$H$2000,MATCH($B41,클레임목록!$O$2:$O$2000,0))="","",INDEX(클레임목록!$H$2:$H$2000,MATCH($B41,클레임목록!$O$2:$O$2000,0)))) | K41: =IF($B41="","",IF(INDEX(클레임목록!$I$2:$I$2000,MATCH($B41,클레임목록!$O$2:$O$2000,0))="","",INDEX(클레임목록!$I$2:$I$2000,MATCH($B41,클레임목록!$O$2:$O$2000,0)))) | L41: =IF($B41="","",IF(INDEX(클레임목록!$J$2:$J$2000,MATCH($B41,클레임목록!$O$2:$O$2000,0))="","",INDEX(클레임목록!$J$2:$J$2000,MATCH($B41,클레임목록!$O$2:$O$2000,0))))
B42: =IF(29<=$C$11,29,"") | C42: =IF($B42="","",IF(INDEX(클레임목록!$A$2:$A$2000,MATCH($B42,클레임목록!$O$2:$O$2000,0))="","",INDEX(클레임목록!$A$2:$A$2000,MATCH($B42,클레임목록!$O$2:$O$2000,0)))) | D42: =IF($B42="","",IF(INDEX(클레임목록!$B$2:$B$2000,MATCH($B42,클레임목록!$O$2:$O$2000,0))="","",INDEX(클레임목록!$B$2:$B$2000,MATCH($B42,클레임목록!$O$2:$O$2000,0)))) | E42: =IF($B42="","",IF(INDEX(클레임목록!$C$2:$C$2000,MATCH($B42,클레임목록!$O$2:$O$2000,0))="","",INDEX(클레임목록!$C$2:$C$2000,MATCH($B42,클레임목록!$O$2:$O$2000,0)))) | F42: =IF($B42="","",IF(INDEX(클레임목록!$D$2:$D$2000,MATCH($B42,클레임목록!$O$2:$O$2000,0))="","",INDEX(클레임목록!$D$2:$D$2000,MATCH($B42,클레임목록!$O$2:$O$2000,0)))) | G42: =IF($B42="","",IF(INDEX(클레임목록!$E$2:$E$2000,MATCH($B42,클레임목록!$O$2:$O$2000,0))="","",INDEX(클레임목록!$E$2:$E$2000,MATCH($B42,클레임목록!$O$2:$O$2000,0)))) | H42: =IF($B42="","",IF(INDEX(클레임목록!$F$2:$F$2000,MATCH($B42,클레임목록!$O$2:$O$2000,0))="","",INDEX(클레임목록!$F$2:$F$2000,MATCH($B42,클레임목록!$O$2:$O$2000,0)))) | I42: =IF($B42="","",IF(INDEX(클레임목록!$G$2:$G$2000,MATCH($B42,클레임목록!$O$2:$O$2000,0))="","",INDEX(클레임목록!$G$2:$G$2000,MATCH($B42,클레임목록!$O$2:$O$2000,0)))) | J42: =IF($B42="","",IF(INDEX(클레임목록!$H$2:$H$2000,MATCH($B42,클레임목록!$O$2:$O$2000,0))="","",INDEX(클레임목록!$H$2:$H$2000,MATCH($B42,클레임목록!$O$2:$O$2000,0)))) | K42: =IF($B42="","",IF(INDEX(클레임목록!$I$2:$I$2000,MATCH($B42,클레임목록!$O$2:$O$2000,0))="","",INDEX(클레임목록!$I$2:$I$2000,MATCH($B42,클레임목록!$O$2:$O$2000,0)))) | L42: =IF($B42="","",IF(INDEX(클레임목록!$J$2:$J$2000,MATCH($B42,클레임목록!$O$2:$O$2000,0))="","",INDEX(클레임목록!$J$2:$J$2000,MATCH($B42,클레임목록!$O$2:$O$2000,0))))
B43: =IF(30<=$C$11,30,"") | C43: =IF($B43="","",IF(INDEX(클레임목록!$A$2:$A$2000,MATCH($B43,클레임목록!$O$2:$O$2000,0))="","",INDEX(클레임목록!$A$2:$A$2000,MATCH($B43,클레임목록!$O$2:$O$2000,0)))) | D43: =IF($B43="","",IF(INDEX(클레임목록!$B$2:$B$2000,MATCH($B43,클레임목록!$O$2:$O$2000,0))="","",INDEX(클레임목록!$B$2:$B$2000,MATCH($B43,클레임목록!$O$2:$O$2000,0)))) | E43: =IF($B43="","",IF(INDEX(클레임목록!$C$2:$C$2000,MATCH($B43,클레임목록!$O$2:$O$2000,0))="","",INDEX(클레임목록!$C$2:$C$2000,MATCH($B43,클레임목록!$O$2:$O$2000,0)))) | F43: =IF($B43="","",IF(INDEX(클레임목록!$D$2:$D$2000,MATCH($B43,클레임목록!$O$2:$O$2000,0))="","",INDEX(클레임목록!$D$2:$D$2000,MATCH($B43,클레임목록!$O$2:$O$2000,0)))) | G43: =IF($B43="","",IF(INDEX(클레임목록!$E$2:$E$2000,MATCH($B43,클레임목록!$O$2:$O$2000,0))="","",INDEX(클레임목록!$E$2:$E$2000,MATCH($B43,클레임목록!$O$2:$O$2000,0)))) | H43: =IF($B43="","",IF(INDEX(클레임목록!$F$2:$F$2000,MATCH($B43,클레임목록!$O$2:$O$2000,0))="","",INDEX(클레임목록!$F$2:$F$2000,MATCH($B43,클레임목록!$O$2:$O$2000,0)))) | I43: =IF($B43="","",IF(INDEX(클레임목록!$G$2:$G$2000,MATCH($B43,클레임목록!$O$2:$O$2000,0))="","",INDEX(클레임목록!$G$2:$G$2000,MATCH($B43,클레임목록!$O$2:$O$2000,0)))) | J43: =IF($B43="","",IF(INDEX(클레임목록!$H$2:$H$2000,MATCH($B43,클레임목록!$O$2:$O$2000,0))="","",INDEX(클레임목록!$H$2:$H$2000,MATCH($B43,클레임목록!$O$2:$O$2000,0)))) | K43: =IF($B43="","",IF(INDEX(클레임목록!$I$2:$I$2000,MATCH($B43,클레임목록!$O$2:$O$2000,0))="","",INDEX(클레임목록!$I$2:$I$2000,MATCH($B43,클레임목록!$O$2:$O$2000,0)))) | L43: =IF($B43="","",IF(INDEX(클레임목록!$J$2:$J$2000,MATCH($B43,클레임목록!$O$2:$O$2000,0))="","",INDEX(클레임목록!$J$2:$J$2000,MATCH($B43,클레임목록!$O$2:$O$2000,0))))
B44: =IF(31<=$C$11,31,"") | C44: =IF($B44="","",IF(INDEX(클레임목록!$A$2:$A$2000,MATCH($B44,클레임목록!$O$2:$O$2000,0))="","",INDEX(클레임목록!$A$2:$A$2000,MATCH($B44,클레임목록!$O$2:$O$2000,0)))) | D44: =IF($B44="","",IF(INDEX(클레임목록!$B$2:$B$2000,MATCH($B44,클레임목록!$O$2:$O$2000,0))="","",INDEX(클레임목록!$B$2:$B$2000,MATCH($B44,클레임목록!$O$2:$O$2000,0)))) | E44: =IF($B44="","",IF(INDEX(클레임목록!$C$2:$C$2000,MATCH($B44,클레임목록!$O$2:$O$2000,0))="","",INDEX(클레임목록!$C$2:$C$2000,MATCH($B44,클레임목록!$O$2:$O$2000,0)))) | F44: =IF($B44="","",IF(INDEX(클레임목록!$D$2:$D$2000,MATCH($B44,클레임목록!$O$2:$O$2000,0))="","",INDEX(클레임목록!$D$2:$D$2000,MATCH($B44,클레임목록!$O$2:$O$2000,0)))) | G44: =IF($B44="","",IF(INDEX(클레임목록!$E$2:$E$2000,MATCH($B44,클레임목록!$O$2:$O$2000,0))="","",INDEX(클레임목록!$E$2:$E$2000,MATCH($B44,클레임목록!$O$2:$O$2000,0)))) | H44: =IF($B44="","",IF(INDEX(클레임목록!$F$2:$F$2000,MATCH($B44,클레임목록!$O$2:$O$2000,0))="","",INDEX(클레임목록!$F$2:$F$2000,MATCH($B44,클레임목록!$O$2:$O$2000,0)))) | I44: =IF($B44="","",IF(INDEX(클레임목록!$G$2:$G$2000,MATCH($B44,클레임목록!$O$2:$O$2000,0))="","",INDEX(클레임목록!$G$2:$G$2000,MATCH($B44,클레임목록!$O$2:$O$2000,0)))) | J44: =IF($B44="","",IF(INDEX(클레임목록!$H$2:$H$2000,MATCH($B44,클레임목록!$O$2:$O$2000,0))="","",INDEX(클레임목록!$H$2:$H$2000,MATCH($B44,클레임목록!$O$2:$O$2000,0)))) | K44: =IF($B44="","",IF(INDEX(클레임목록!$I$2:$I$2000,MATCH($B44,클레임목록!$O$2:$O$2000,0))="","",INDEX(클레임목록!$I$2:$I$2000,MATCH($B44,클레임목록!$O$2:$O$2000,0)))) | L44: =IF($B44="","",IF(INDEX(클레임목록!$J$2:$J$2000,MATCH($B44,클레임목록!$O$2:$O$2000,0))="","",INDEX(클레임목록!$J$2:$J$2000,MATCH($B44,클레임목록!$O$2:$O$2000,0))))
B45: =IF(32<=$C$11,32,"") | C45: =IF($B45="","",IF(INDEX(클레임목록!$A$2:$A$2000,MATCH($B45,클레임목록!$O$2:$O$2000,0))="","",INDEX(클레임목록!$A$2:$A$2000,MATCH($B45,클레임목록!$O$2:$O$2000,0)))) | D45: =IF($B45="","",IF(INDEX(클레임목록!$B$2:$B$2000,MATCH($B45,클레임목록!$O$2:$O$2000,0))="","",INDEX(클레임목록!$B$2:$B$2000,MATCH($B45,클레임목록!$O$2:$O$2000,0)))) | E45: =IF($B45="","",IF(INDEX(클레임목록!$C$2:$C$2000,MATCH($B45,클레임목록!$O$2:$O$2000,0))="","",INDEX(클레임목록!$C$2:$C$2000,MATCH($B45,클레임목록!$O$2:$O$2000,0)))) | F45: =IF($B45="","",IF(INDEX(클레임목록!$D$2:$D$2000,MATCH($B45,클레임목록!$O$2:$O$2000,0))="","",INDEX(클레임목록!$D$2:$D$2000,MATCH($B45,클레임목록!$O$2:$O$2000,0)))) | G45: =IF($B45="","",IF(INDEX(클레임목록!$E$2:$E$2000,MATCH($B45,클레임목록!$O$2:$O$2000,0))="","",INDEX(클레임목록!$E$2:$E$2000,MATCH($B45,클레임목록!$O$2:$O$2000,0)))) | H45: =IF($B45="","",IF(INDEX(클레임목록!$F$2:$F$2000,MATCH($B45,클레임목록!$O$2:$O$2000,0))="","",INDEX(클레임목록!$F$2:$F$2000,MATCH($B45,클레임목록!$O$2:$O$2000,0)))) | I45: =IF($B45="","",IF(INDEX(클레임목록!$G$2:$G$2000,MATCH($B45,클레임목록!$O$2:$O$2000,0))="","",INDEX(클레임목록!$G$2:$G$2000,MATCH($B45,클레임목록!$O$2:$O$2000,0)))) | J45: =IF($B45="","",IF(INDEX(클레임목록!$H$2:$H$2000,MATCH($B45,클레임목록!$O$2:$O$2000,0))="","",INDEX(클레임목록!$H$2:$H$2000,MATCH($B45,클레임목록!$O$2:$O$2000,0)))) | K45: =IF($B45="","",IF(INDEX(클레임목록!$I$2:$I$2000,MATCH($B45,클레임목록!$O$2:$O$2000,0))="","",INDEX(클레임목록!$I$2:$I$2000,MATCH($B45,클레임목록!$O$2:$O$2000,0)))) | L45: =IF($B45="","",IF(INDEX(클레임목록!$J$2:$J$2000,MATCH($B45,클레임목록!$O$2:$O$2000,0))="","",INDEX(클레임목록!$J$2:$J$2000,MATCH($B45,클레임목록!$O$2:$O$2000,0))))
B46: =IF(33<=$C$11,33,"") | C46: =IF($B46="","",IF(INDEX(클레임목록!$A$2:$A$2000,MATCH($B46,클레임목록!$O$2:$O$2000,0))="","",INDEX(클레임목록!$A$2:$A$2000,MATCH($B46,클레임목록!$O$2:$O$2000,0)))) | D46: =IF($B46="","",IF(INDEX(클레임목록!$B$2:$B$2000,MATCH($B46,클레임목록!$O$2:$O$2000,0))="","",INDEX(클레임목록!$B$2:$B$2000,MATCH($B46,클레임목록!$O$2:$O$2000,0)))) | E46: =IF($B46="","",IF(INDEX(클레임목록!$C$2:$C$2000,MATCH($B46,클레임목록!$O$2:$O$2000,0))="","",INDEX(클레임목록!$C$2:$C$2000,MATCH($B46,클레임목록!$O$2:$O$2000,0)))) | F46: =IF($B46="","",IF(INDEX(클레임목록!$D$2:$D$2000,MATCH($B46,클레임목록!$O$2:$O$2000,0))="","",INDEX(클레임목록!$D$2:$D$2000,MATCH($B46,클레임목록!$O$2:$O$2000,0)))) | G46: =IF($B46="","",IF(INDEX(클레임목록!$E$2:$E$2000,MATCH($B46,클레임목록!$O$2:$O$2000,0))="","",INDEX(클레임목록!$E$2:$E$2000,MATCH($B46,클레임목록!$O$2:$O$2000,0)))) | H46: =IF($B46="","",IF(INDEX(클레임목록!$F$2:$F$2000,MATCH($B46,클레임목록!$O$2:$O$2000,0))="","",INDEX(클레임목록!$F$2:$F$2000,MATCH($B46,클레임목록!$O$2:$O$2000,0)))) | I46: =IF($B46="","",IF(INDEX(클레임목록!$G$2:$G$2000,MATCH($B46,클레임목록!$O$2:$O$2000,0))="","",INDEX(클레임목록!$G$2:$G$2000,MATCH($B46,클레임목록!$O$2:$O$2000,0)))) | J46: =IF($B46="","",IF(INDEX(클레임목록!$H$2:$H$2000,MATCH($B46,클레임목록!$O$2:$O$2000,0))="","",INDEX(클레임목록!$H$2:$H$2000,MATCH($B46,클레임목록!$O$2:$O$2000,0)))) | K46: =IF($B46="","",IF(INDEX(클레임목록!$I$2:$I$2000,MATCH($B46,클레임목록!$O$2:$O$2000,0))="","",INDEX(클레임목록!$I$2:$I$2000,MATCH($B46,클레임목록!$O$2:$O$2000,0)))) | L46: =IF($B46="","",IF(INDEX(클레임목록!$J$2:$J$2000,MATCH($B46,클레임목록!$O$2:$O$2000,0))="","",INDEX(클레임목록!$J$2:$J$2000,MATCH($B46,클레임목록!$O$2:$O$2000,0))))
B47: =IF(34<=$C$11,34,"") | C47: =IF($B47="","",IF(INDEX(클레임목록!$A$2:$A$2000,MATCH($B47,클레임목록!$O$2:$O$2000,0))="","",INDEX(클레임목록!$A$2:$A$2000,MATCH($B47,클레임목록!$O$2:$O$2000,0)))) | D47: =IF($B47="","",IF(INDEX(클레임목록!$B$2:$B$2000,MATCH($B47,클레임목록!$O$2:$O$2000,0))="","",INDEX(클레임목록!$B$2:$B$2000,MATCH($B47,클레임목록!$O$2:$O$2000,0)))) | E47: =IF($B47="","",IF(INDEX(클레임목록!$C$2:$C$2000,MATCH($B47,클레임목록!$O$2:$O$2000,0))="","",INDEX(클레임목록!$C$2:$C$2000,MATCH($B47,클레임목록!$O$2:$O$2000,0)))) | F47: =IF($B47="","",IF(INDEX(클레임목록!$D$2:$D$2000,MATCH($B47,클레임목록!$O$2:$O$2000,0))="","",INDEX(클레임목록!$D$2:$D$2000,MATCH($B47,클레임목록!$O$2:$O$2000,0)))) | G47: =IF($B47="","",IF(INDEX(클레임목록!$E$2:$E$2000,MATCH($B47,클레임목록!$O$2:$O$2000,0))="","",INDEX(클레임목록!$E$2:$E$2000,MATCH($B47,클레임목록!$O$2:$O$2000,0)))) | H47: =IF($B47="","",IF(INDEX(클레임목록!$F$2:$F$2000,MATCH($B47,클레임목록!$O$2:$O$2000,0))="","",INDEX(클레임목록!$F$2:$F$2000,MATCH($B47,클레임목록!$O$2:$O$2000,0)))) | I47: =IF($B47="","",IF(INDEX(클레임목록!$G$2:$G$2000,MATCH($B47,클레임목록!$O$2:$O$2000,0))="","",INDEX(클레임목록!$G$2:$G$2000,MATCH($B47,클레임목록!$O$2:$O$2000,0)))) | J47: =IF($B47="","",IF(INDEX(클레임목록!$H$2:$H$2000,MATCH($B47,클레임목록!$O$2:$O$2000,0))="","",INDEX(클레임목록!$H$2:$H$2000,MATCH($B47,클레임목록!$O$2:$O$2000,0)))) | K47: =IF($B47="","",IF(INDEX(클레임목록!$I$2:$I$2000,MATCH($B47,클레임목록!$O$2:$O$2000,0))="","",INDEX(클레임목록!$I$2:$I$2000,MATCH($B47,클레임목록!$O$2:$O$2000,0)))) | L47: =IF($B47="","",IF(INDEX(클레임목록!$J$2:$J$2000,MATCH($B47,클레임목록!$O$2:$O$2000,0))="","",INDEX(클레임목록!$J$2:$J$2000,MATCH($B47,클레임목록!$O$2:$O$2000,0))))
B48: =IF(35<=$C$11,35,"") | C48: =IF($B48="","",IF(INDEX(클레임목록!$A$2:$A$2000,MATCH($B48,클레임목록!$O$2:$O$2000,0))="","",INDEX(클레임목록!$A$2:$A$2000,MATCH($B48,클레임목록!$O$2:$O$2000,0)))) | D48: =IF($B48="","",IF(INDEX(클레임목록!$B$2:$B$2000,MATCH($B48,클레임목록!$O$2:$O$2000,0))="","",INDEX(클레임목록!$B$2:$B$2000,MATCH($B48,클레임목록!$O$2:$O$2000,0)))) | E48: =IF($B48="","",IF(INDEX(클레임목록!$C$2:$C$2000,MATCH($B48,클레임목록!$O$2:$O$2000,0))="","",INDEX(클레임목록!$C$2:$C$2000,MATCH($B48,클레임목록!$O$2:$O$2000,0)))) | F48: =IF($B48="","",IF(INDEX(클레임목록!$D$2:$D$2000,MATCH($B48,클레임목록!$O$2:$O$2000,0))="","",INDEX(클레임목록!$D$2:$D$2000,MATCH($B48,클레임목록!$O$2:$O$2000,0)))) | G48: =IF($B48="","",IF(INDEX(클레임목록!$E$2:$E$2000,MATCH($B48,클레임목록!$O$2:$O$2000,0))="","",INDEX(클레임목록!$E$2:$E$2000,MATCH($B48,클레임목록!$O$2:$O$2000,0)))) | H48: =IF($B48="","",IF(INDEX(클레임목록!$F$2:$F$2000,MATCH($B48,클레임목록!$O$2:$O$2000,0))="","",INDEX(클레임목록!$F$2:$F$2000,MATCH($B48,클레임목록!$O$2:$O$2000,0)))) | I48: =IF($B48="","",IF(INDEX(클레임목록!$G$2:$G$2000,MATCH($B48,클레임목록!$O$2:$O$2000,0))="","",INDEX(클레임목록!$G$2:$G$2000,MATCH($B48,클레임목록!$O$2:$O$2000,0)))) | J48: =IF($B48="","",IF(INDEX(클레임목록!$H$2:$H$2000,MATCH($B48,클레임목록!$O$2:$O$2000,0))="","",INDEX(클레임목록!$H$2:$H$2000,MATCH($B48,클레임목록!$O$2:$O$2000,0)))) | K48: =IF($B48="","",IF(INDEX(클레임목록!$I$2:$I$2000,MATCH($B48,클레임목록!$O$2:$O$2000,0))="","",INDEX(클레임목록!$I$2:$I$2000,MATCH($B48,클레임목록!$O$2:$O$2000,0)))) | L48: =IF($B48="","",IF(INDEX(클레임목록!$J$2:$J$2000,MATCH($B48,클레임목록!$O$2:$O$2000,0))="","",INDEX(클레임목록!$J$2:$J$2000,MATCH($B48,클레임목록!$O$2:$O$2000,0))))
B49: =IF(36<=$C$11,36,"") | C49: =IF($B49="","",IF(INDEX(클레임목록!$A$2:$A$2000,MATCH($B49,클레임목록!$O$2:$O$2000,0))="","",INDEX(클레임목록!$A$2:$A$2000,MATCH($B49,클레임목록!$O$2:$O$2000,0)))) | D49: =IF($B49="","",IF(INDEX(클레임목록!$B$2:$B$2000,MATCH($B49,클레임목록!$O$2:$O$2000,0))="","",INDEX(클레임목록!$B$2:$B$2000,MATCH($B49,클레임목록!$O$2:$O$2000,0)))) | E49: =IF($B49="","",IF(INDEX(클레임목록!$C$2:$C$2000,MATCH($B49,클레임목록!$O$2:$O$2000,0))="","",INDEX(클레임목록!$C$2:$C$2000,MATCH($B49,클레임목록!$O$2:$O$2000,0)))) | F49: =IF($B49="","",IF(INDEX(클레임목록!$D$2:$D$2000,MATCH($B49,클레임목록!$O$2:$O$2000,0))="","",INDEX(클레임목록!$D$2:$D$2000,MATCH($B49,클레임목록!$O$2:$O$2000,0)))) | G49: =IF($B49="","",IF(INDEX(클레임목록!$E$2:$E$2000,MATCH($B49,클레임목록!$O$2:$O$2000,0))="","",INDEX(클레임목록!$E$2:$E$2000,MATCH($B49,클레임목록!$O$2:$O$2000,0)))) | H49: =IF($B49="","",IF(INDEX(클레임목록!$F$2:$F$2000,MATCH($B49,클레임목록!$O$2:$O$2000,0))="","",INDEX(클레임목록!$F$2:$F$2000,MATCH($B49,클레임목록!$O$2:$O$2000,0)))) | I49: =IF($B49="","",IF(INDEX(클레임목록!$G$2:$G$2000,MATCH($B49,클레임목록!$O$2:$O$2000,0))="","",INDEX(클레임목록!$G$2:$G$2000,MATCH($B49,클레임목록!$O$2:$O$2000,0)))) | J49: =IF($B49="","",IF(INDEX(클레임목록!$H$2:$H$2000,MATCH($B49,클레임목록!$O$2:$O$2000,0))="","",INDEX(클레임목록!$H$2:$H$2000,MATCH($B49,클레임목록!$O$2:$O$2000,0)))) | K49: =IF($B49="","",IF(INDEX(클레임목록!$I$2:$I$2000,MATCH($B49,클레임목록!$O$2:$O$2000,0))="","",INDEX(클레임목록!$I$2:$I$2000,MATCH($B49,클레임목록!$O$2:$O$2000,0)))) | L49: =IF($B49="","",IF(INDEX(클레임목록!$J$2:$J$2000,MATCH($B49,클레임목록!$O$2:$O$2000,0))="","",INDEX(클레임목록!$J$2:$J$2000,MATCH($B49,클레임목록!$O$2:$O$2000,0))))
B50: =IF(37<=$C$11,37,"") | C50: =IF($B50="","",IF(INDEX(클레임목록!$A$2:$A$2000,MATCH($B50,클레임목록!$O$2:$O$2000,0))="","",INDEX(클레임목록!$A$2:$A$2000,MATCH($B50,클레임목록!$O$2:$O$2000,0)))) | D50: =IF($B50="","",IF(INDEX(클레임목록!$B$2:$B$2000,MATCH($B50,클레임목록!$O$2:$O$2000,0))="","",INDEX(클레임목록!$B$2:$B$2000,MATCH($B50,클레임목록!$O$2:$O$2000,0)))) | E50: =IF($B50="","",IF(INDEX(클레임목록!$C$2:$C$2000,MATCH($B50,클레임목록!$O$2:$O$2000,0))="","",INDEX(클레임목록!$C$2:$C$2000,MATCH($B50,클레임목록!$O$2:$O$2000,0)))) | F50: =IF($B50="","",IF(INDEX(클레임목록!$D$2:$D$2000,MATCH($B50,클레임목록!$O$2:$O$2000,0))="","",INDEX(클레임목록!$D$2:$D$2000,MATCH($B50,클레임목록!$O$2:$O$2000,0)))) | G50: =IF($B50="","",IF(INDEX(클레임목록!$E$2:$E$2000,MATCH($B50,클레임목록!$O$2:$O$2000,0))="","",INDEX(클레임목록!$E$2:$E$2000,MATCH($B50,클레임목록!$O$2:$O$2000,0)))) | H50: =IF($B50="","",IF(INDEX(클레임목록!$F$2:$F$2000,MATCH($B50,클레임목록!$O$2:$O$2000,0))="","",INDEX(클레임목록!$F$2:$F$2000,MATCH($B50,클레임목록!$O$2:$O$2000,0)))) | I50: =IF($B50="","",IF(INDEX(클레임목록!$G$2:$G$2000,MATCH($B50,클레임목록!$O$2:$O$2000,0))="","",INDEX(클레임목록!$G$2:$G$2000,MATCH($B50,클레임목록!$O$2:$O$2000,0)))) | J50: =IF($B50="","",IF(INDEX(클레임목록!$H$2:$H$2000,MATCH($B50,클레임목록!$O$2:$O$2000,0))="","",INDEX(클레임목록!$H$2:$H$2000,MATCH($B50,클레임목록!$O$2:$O$2000,0)))) | K50: =IF($B50="","",IF(INDEX(클레임목록!$I$2:$I$2000,MATCH($B50,클레임목록!$O$2:$O$2000,0))="","",INDEX(클레임목록!$I$2:$I$2000,MATCH($B50,클레임목록!$O$2:$O$2000,0)))) | L50: =IF($B50="","",IF(INDEX(클레임목록!$J$2:$J$2000,MATCH($B50,클레임목록!$O$2:$O$2000,0))="","",INDEX(클레임목록!$J$2:$J$2000,MATCH($B50,클레임목록!$O$2:$O$2000,0))))
B51: =IF(38<=$C$11,38,"") | C51: =IF($B51="","",IF(INDEX(클레임목록!$A$2:$A$2000,MATCH($B51,클레임목록!$O$2:$O$2000,0))="","",INDEX(클레임목록!$A$2:$A$2000,MATCH($B51,클레임목록!$O$2:$O$2000,0)))) | D51: =IF($B51="","",IF(INDEX(클레임목록!$B$2:$B$2000,MATCH($B51,클레임목록!$O$2:$O$2000,0))="","",INDEX(클레임목록!$B$2:$B$2000,MATCH($B51,클레임목록!$O$2:$O$2000,0)))) | E51: =IF($B51="","",IF(INDEX(클레임목록!$C$2:$C$2000,MATCH($B51,클레임목록!$O$2:$O$2000,0))="","",INDEX(클레임목록!$C$2:$C$2000,MATCH($B51,클레임목록!$O$2:$O$2000,0)))) | F51: =IF($B51="","",IF(INDEX(클레임목록!$D$2:$D$2000,MATCH($B51,클레임목록!$O$2:$O$2000,0))="","",INDEX(클레임목록!$D$2:$D$2000,MATCH($B51,클레임목록!$O$2:$O$2000,0)))) | G51: =IF($B51="","",IF(INDEX(클레임목록!$E$2:$E$2000,MATCH($B51,클레임목록!$O$2:$O$2000,0))="","",INDEX(클레임목록!$E$2:$E$2000,MATCH($B51,클레임목록!$O$2:$O$2000,0)))) | H51: =IF($B51="","",IF(INDEX(클레임목록!$F$2:$F$2000,MATCH($B51,클레임목록!$O$2:$O$2000,0))="","",INDEX(클레임목록!$F$2:$F$2000,MATCH($B51,클레임목록!$O$2:$O$2000,0)))) | I51: =IF($B51="","",IF(INDEX(클레임목록!$G$2:$G$2000,MATCH($B51,클레임목록!$O$2:$O$2000,0))="","",INDEX(클레임목록!$G$2:$G$2000,MATCH($B51,클레임목록!$O$2:$O$2000,0)))) | J51: =IF($B51="","",IF(INDEX(클레임목록!$H$2:$H$2000,MATCH($B51,클레임목록!$O$2:$O$2000,0))="","",INDEX(클레임목록!$H$2:$H$2000,MATCH($B51,클레임목록!$O$2:$O$2000,0)))) | K51: =IF($B51="","",IF(INDEX(클레임목록!$I$2:$I$2000,MATCH($B51,클레임목록!$O$2:$O$2000,0))="","",INDEX(클레임목록!$I$2:$I$2000,MATCH($B51,클레임목록!$O$2:$O$2000,0)))) | L51: =IF($B51="","",IF(INDEX(클레임목록!$J$2:$J$2000,MATCH($B51,클레임목록!$O$2:$O$2000,0))="","",INDEX(클레임목록!$J$2:$J$2000,MATCH($B51,클레임목록!$O$2:$O$2000,0))))
B52: =IF(39<=$C$11,39,"") | C52: =IF($B52="","",IF(INDEX(클레임목록!$A$2:$A$2000,MATCH($B52,클레임목록!$O$2:$O$2000,0))="","",INDEX(클레임목록!$A$2:$A$2000,MATCH($B52,클레임목록!$O$2:$O$2000,0)))) | D52: =IF($B52="","",IF(INDEX(클레임목록!$B$2:$B$2000,MATCH($B52,클레임목록!$O$2:$O$2000,0))="","",INDEX(클레임목록!$B$2:$B$2000,MATCH($B52,클레임목록!$O$2:$O$2000,0)))) | E52: =IF($B52="","",IF(INDEX(클레임목록!$C$2:$C$2000,MATCH($B52,클레임목록!$O$2:$O$2000,0))="","",INDEX(클레임목록!$C$2:$C$2000,MATCH($B52,클레임목록!$O$2:$O$2000,0)))) | F52: =IF($B52="","",IF(INDEX(클레임목록!$D$2:$D$2000,MATCH($B52,클레임목록!$O$2:$O$2000,0))="","",INDEX(클레임목록!$D$2:$D$2000,MATCH($B52,클레임목록!$O$2:$O$2000,0)))) | G52: =IF($B52="","",IF(INDEX(클레임목록!$E$2:$E$2000,MATCH($B52,클레임목록!$O$2:$O$2000,0))="","",INDEX(클레임목록!$E$2:$E$2000,MATCH($B52,클레임목록!$O$2:$O$2000,0)))) | H52: =IF($B52="","",IF(INDEX(클레임목록!$F$2:$F$2000,MATCH($B52,클레임목록!$O$2:$O$2000,0))="","",INDEX(클레임목록!$F$2:$F$2000,MATCH($B52,클레임목록!$O$2:$O$2000,0)))) | I52: =IF($B52="","",IF(INDEX(클레임목록!$G$2:$G$2000,MATCH($B52,클레임목록!$O$2:$O$2000,0))="","",INDEX(클레임목록!$G$2:$G$2000,MATCH($B52,클레임목록!$O$2:$O$2000,0)))) | J52: =IF($B52="","",IF(INDEX(클레임목록!$H$2:$H$2000,MATCH($B52,클레임목록!$O$2:$O$2000,0))="","",INDEX(클레임목록!$H$2:$H$2000,MATCH($B52,클레임목록!$O$2:$O$2000,0)))) | K52: =IF($B52="","",IF(INDEX(클레임목록!$I$2:$I$2000,MATCH($B52,클레임목록!$O$2:$O$2000,0))="","",INDEX(클레임목록!$I$2:$I$2000,MATCH($B52,클레임목록!$O$2:$O$2000,0)))) | L52: =IF($B52="","",IF(INDEX(클레임목록!$J$2:$J$2000,MATCH($B52,클레임목록!$O$2:$O$2000,0))="","",INDEX(클레임목록!$J$2:$J$2000,MATCH($B52,클레임목록!$O$2:$O$2000,0))))
B53: =IF(40<=$C$11,40,"") | C53: =IF($B53="","",IF(INDEX(클레임목록!$A$2:$A$2000,MATCH($B53,클레임목록!$O$2:$O$2000,0))="","",INDEX(클레임목록!$A$2:$A$2000,MATCH($B53,클레임목록!$O$2:$O$2000,0)))) | D53: =IF($B53="","",IF(INDEX(클레임목록!$B$2:$B$2000,MATCH($B53,클레임목록!$O$2:$O$2000,0))="","",INDEX(클레임목록!$B$2:$B$2000,MATCH($B53,클레임목록!$O$2:$O$2000,0)))) | E53: =IF($B53="","",IF(INDEX(클레임목록!$C$2:$C$2000,MATCH($B53,클레임목록!$O$2:$O$2000,0))="","",INDEX(클레임목록!$C$2:$C$2000,MATCH($B53,클레임목록!$O$2:$O$2000,0)))) | F53: =IF($B53="","",IF(INDEX(클레임목록!$D$2:$D$2000,MATCH($B53,클레임목록!$O$2:$O$2000,0))="","",INDEX(클레임목록!$D$2:$D$2000,MATCH($B53,클레임목록!$O$2:$O$2000,0)))) | G53: =IF($B53="","",IF(INDEX(클레임목록!$E$2:$E$2000,MATCH($B53,클레임목록!$O$2:$O$2000,0))="","",INDEX(클레임목록!$E$2:$E$2000,MATCH($B53,클레임목록!$O$2:$O$2000,0)))) | H53: =IF($B53="","",IF(INDEX(클레임목록!$F$2:$F$2000,MATCH($B53,클레임목록!$O$2:$O$2000,0))="","",INDEX(클레임목록!$F$2:$F$2000,MATCH($B53,클레임목록!$O$2:$O$2000,0)))) | I53: =IF($B53="","",IF(INDEX(클레임목록!$G$2:$G$2000,MATCH($B53,클레임목록!$O$2:$O$2000,0))="","",INDEX(클레임목록!$G$2:$G$2000,MATCH($B53,클레임목록!$O$2:$O$2000,0)))) | J53: =IF($B53="","",IF(INDEX(클레임목록!$H$2:$H$2000,MATCH($B53,클레임목록!$O$2:$O$2000,0))="","",INDEX(클레임목록!$H$2:$H$2000,MATCH($B53,클레임목록!$O$2:$O$2000,0)))) | K53: =IF($B53="","",IF(INDEX(클레임목록!$I$2:$I$2000,MATCH($B53,클레임목록!$O$2:$O$2000,0))="","",INDEX(클레임목록!$I$2:$I$2000,MATCH($B53,클레임목록!$O$2:$O$2000,0)))) | L53: =IF($B53="","",IF(INDEX(클레임목록!$J$2:$J$2000,MATCH($B53,클레임목록!$O$2:$O$2000,0))="","",INDEX(클레임목록!$J$2:$J$2000,MATCH($B53,클레임목록!$O$2:$O$2000,0))))
B54: =IF(41<=$C$11,41,"") | C54: =IF($B54="","",IF(INDEX(클레임목록!$A$2:$A$2000,MATCH($B54,클레임목록!$O$2:$O$2000,0))="","",INDEX(클레임목록!$A$2:$A$2000,MATCH($B54,클레임목록!$O$2:$O$2000,0)))) | D54: =IF($B54="","",IF(INDEX(클레임목록!$B$2:$B$2000,MATCH($B54,클레임목록!$O$2:$O$2000,0))="","",INDEX(클레임목록!$B$2:$B$2000,MATCH($B54,클레임목록!$O$2:$O$2000,0)))) | E54: =IF($B54="","",IF(INDEX(클레임목록!$C$2:$C$2000,MATCH($B54,클레임목록!$O$2:$O$2000,0))="","",INDEX(클레임목록!$C$2:$C$2000,MATCH($B54,클레임목록!$O$2:$O$2000,0)))) | F54: =IF($B54="","",IF(INDEX(클레임목록!$D$2:$D$2000,MATCH($B54,클레임목록!$O$2:$O$2000,0))="","",INDEX(클레임목록!$D$2:$D$2000,MATCH($B54,클레임목록!$O$2:$O$2000,0)))) | G54: =IF($B54="","",IF(INDEX(클레임목록!$E$2:$E$2000,MATCH($B54,클레임목록!$O$2:$O$2000,0))="","",INDEX(클레임목록!$E$2:$E$2000,MATCH($B54,클레임목록!$O$2:$O$2000,0)))) | H54: =IF($B54="","",IF(INDEX(클레임목록!$F$2:$F$2000,MATCH($B54,클레임목록!$O$2:$O$2000,0))="","",INDEX(클레임목록!$F$2:$F$2000,MATCH($B54,클레임목록!$O$2:$O$2000,0)))) | I54: =IF($B54="","",IF(INDEX(클레임목록!$G$2:$G$2000,MATCH($B54,클레임목록!$O$2:$O$2000,0))="","",INDEX(클레임목록!$G$2:$G$2000,MATCH($B54,클레임목록!$O$2:$O$2000,0)))) | J54: =IF($B54="","",IF(INDEX(클레임목록!$H$2:$H$2000,MATCH($B54,클레임목록!$O$2:$O$2000,0))="","",INDEX(클레임목록!$H$2:$H$2000,MATCH($B54,클레임목록!$O$2:$O$2000,0)))) | K54: =IF($B54="","",IF(INDEX(클레임목록!$I$2:$I$2000,MATCH($B54,클레임목록!$O$2:$O$2000,0))="","",INDEX(클레임목록!$I$2:$I$2000,MATCH($B54,클레임목록!$O$2:$O$2000,0)))) | L54: =IF($B54="","",IF(INDEX(클레임목록!$J$2:$J$2000,MATCH($B54,클레임목록!$O$2:$O$2000,0))="","",INDEX(클레임목록!$J$2:$J$2000,MATCH($B54,클레임목록!$O$2:$O$2000,0))))
B55: =IF(42<=$C$11,42,"") | C55: =IF($B55="","",IF(INDEX(클레임목록!$A$2:$A$2000,MATCH($B55,클레임목록!$O$2:$O$2000,0))="","",INDEX(클레임목록!$A$2:$A$2000,MATCH($B55,클레임목록!$O$2:$O$2000,0)))) | D55: =IF($B55="","",IF(INDEX(클레임목록!$B$2:$B$2000,MATCH($B55,클레임목록!$O$2:$O$2000,0))="","",INDEX(클레임목록!$B$2:$B$2000,MATCH($B55,클레임목록!$O$2:$O$2000,0)))) | E55: =IF($B55="","",IF(INDEX(클레임목록!$C$2:$C$2000,MATCH($B55,클레임목록!$O$2:$O$2000,0))="","",INDEX(클레임목록!$C$2:$C$2000,MATCH($B55,클레임목록!$O$2:$O$2000,0)))) | F55: =IF($B55="","",IF(INDEX(클레임목록!$D$2:$D$2000,MATCH($B55,클레임목록!$O$2:$O$2000,0))="","",INDEX(클레임목록!$D$2:$D$2000,MATCH($B55,클레임목록!$O$2:$O$2000,0)))) | G55: =IF($B55="","",IF(INDEX(클레임목록!$E$2:$E$2000,MATCH($B55,클레임목록!$O$2:$O$2000,0))="","",INDEX(클레임목록!$E$2:$E$2000,MATCH($B55,클레임목록!$O$2:$O$2000,0)))) | H55: =IF($B55="","",IF(INDEX(클레임목록!$F$2:$F$2000,MATCH($B55,클레임목록!$O$2:$O$2000,0))="","",INDEX(클레임목록!$F$2:$F$2000,MATCH($B55,클레임목록!$O$2:$O$2000,0)))) | I55: =IF($B55="","",IF(INDEX(클레임목록!$G$2:$G$2000,MATCH($B55,클레임목록!$O$2:$O$2000,0))="","",INDEX(클레임목록!$G$2:$G$2000,MATCH($B55,클레임목록!$O$2:$O$2000,0)))) | J55: =IF($B55="","",IF(INDEX(클레임목록!$H$2:$H$2000,MATCH($B55,클레임목록!$O$2:$O$2000,0))="","",INDEX(클레임목록!$H$2:$H$2000,MATCH($B55,클레임목록!$O$2:$O$2000,0)))) | K55: =IF($B55="","",IF(INDEX(클레임목록!$I$2:$I$2000,MATCH($B55,클레임목록!$O$2:$O$2000,0))="","",INDEX(클레임목록!$I$2:$I$2000,MATCH($B55,클레임목록!$O$2:$O$2000,0)))) | L55: =IF($B55="","",IF(INDEX(클레임목록!$J$2:$J$2000,MATCH($B55,클레임목록!$O$2:$O$2000,0))="","",INDEX(클레임목록!$J$2:$J$2000,MATCH($B55,클레임목록!$O$2:$O$2000,0))))
B56: =IF(43<=$C$11,43,"") | C56: =IF($B56="","",IF(INDEX(클레임목록!$A$2:$A$2000,MATCH($B56,클레임목록!$O$2:$O$2000,0))="","",INDEX(클레임목록!$A$2:$A$2000,MATCH($B56,클레임목록!$O$2:$O$2000,0)))) | D56: =IF($B56="","",IF(INDEX(클레임목록!$B$2:$B$2000,MATCH($B56,클레임목록!$O$2:$O$2000,0))="","",INDEX(클레임목록!$B$2:$B$2000,MATCH($B56,클레임목록!$O$2:$O$2000,0)))) | E56: =IF($B56="","",IF(INDEX(클레임목록!$C$2:$C$2000,MATCH($B56,클레임목록!$O$2:$O$2000,0))="","",INDEX(클레임목록!$C$2:$C$2000,MATCH($B56,클레임목록!$O$2:$O$2000,0)))) | F56: =IF($B56="","",IF(INDEX(클레임목록!$D$2:$D$2000,MATCH($B56,클레임목록!$O$2:$O$2000,0))="","",INDEX(클레임목록!$D$2:$D$2000,MATCH($B56,클레임목록!$O$2:$O$2000,0)))) | G56: =IF($B56="","",IF(INDEX(클레임목록!$E$2:$E$2000,MATCH($B56,클레임목록!$O$2:$O$2000,0))="","",INDEX(클레임목록!$E$2:$E$2000,MATCH($B56,클레임목록!$O$2:$O$2000,0)))) | H56: =IF($B56="","",IF(INDEX(클레임목록!$F$2:$F$2000,MATCH($B56,클레임목록!$O$2:$O$2000,0))="","",INDEX(클레임목록!$F$2:$F$2000,MATCH($B56,클레임목록!$O$2:$O$2000,0)))) | I56: =IF($B56="","",IF(INDEX(클레임목록!$G$2:$G$2000,MATCH($B56,클레임목록!$O$2:$O$2000,0))="","",INDEX(클레임목록!$G$2:$G$2000,MATCH($B56,클레임목록!$O$2:$O$2000,0)))) | J56: =IF($B56="","",IF(INDEX(클레임목록!$H$2:$H$2000,MATCH($B56,클레임목록!$O$2:$O$2000,0))="","",INDEX(클레임목록!$H$2:$H$2000,MATCH($B56,클레임목록!$O$2:$O$2000,0)))) | K56: =IF($B56="","",IF(INDEX(클레임목록!$I$2:$I$2000,MATCH($B56,클레임목록!$O$2:$O$2000,0))="","",INDEX(클레임목록!$I$2:$I$2000,MATCH($B56,클레임목록!$O$2:$O$2000,0)))) | L56: =IF($B56="","",IF(INDEX(클레임목록!$J$2:$J$2000,MATCH($B56,클레임목록!$O$2:$O$2000,0))="","",INDEX(클레임목록!$J$2:$J$2000,MATCH($B56,클레임목록!$O$2:$O$2000,0))))
B57: =IF(44<=$C$11,44,"") | C57: =IF($B57="","",IF(INDEX(클레임목록!$A$2:$A$2000,MATCH($B57,클레임목록!$O$2:$O$2000,0))="","",INDEX(클레임목록!$A$2:$A$2000,MATCH($B57,클레임목록!$O$2:$O$2000,0)))) | D57: =IF($B57="","",IF(INDEX(클레임목록!$B$2:$B$2000,MATCH($B57,클레임목록!$O$2:$O$2000,0))="","",INDEX(클레임목록!$B$2:$B$2000,MATCH($B57,클레임목록!$O$2:$O$2000,0)))) | E57: =IF($B57="","",IF(INDEX(클레임목록!$C$2:$C$2000,MATCH($B57,클레임목록!$O$2:$O$2000,0))="","",INDEX(클레임목록!$C$2:$C$2000,MATCH($B57,클레임목록!$O$2:$O$2000,0)))) | F57: =IF($B57="","",IF(INDEX(클레임목록!$D$2:$D$2000,MATCH($B57,클레임목록!$O$2:$O$2000,0))="","",INDEX(클레임목록!$D$2:$D$2000,MATCH($B57,클레임목록!$O$2:$O$2000,0)))) | G57: =IF($B57="","",IF(INDEX(클레임목록!$E$2:$E$2000,MATCH($B57,클레임목록!$O$2:$O$2000,0))="","",INDEX(클레임목록!$E$2:$E$2000,MATCH($B57,클레임목록!$O$2:$O$2000,0)))) | H57: =IF($B57="","",IF(INDEX(클레임목록!$F$2:$F$2000,MATCH($B57,클레임목록!$O$2:$O$2000,0))="","",INDEX(클레임목록!$F$2:$F$2000,MATCH($B57,클레임목록!$O$2:$O$2000,0)))) | I57: =IF($B57="","",IF(INDEX(클레임목록!$G$2:$G$2000,MATCH($B57,클레임목록!$O$2:$O$2000,0))="","",INDEX(클레임목록!$G$2:$G$2000,MATCH($B57,클레임목록!$O$2:$O$2000,0)))) | J57: =IF($B57="","",IF(INDEX(클레임목록!$H$2:$H$2000,MATCH($B57,클레임목록!$O$2:$O$2000,0))="","",INDEX(클레임목록!$H$2:$H$2000,MATCH($B57,클레임목록!$O$2:$O$2000,0)))) | K57: =IF($B57="","",IF(INDEX(클레임목록!$I$2:$I$2000,MATCH($B57,클레임목록!$O$2:$O$2000,0))="","",INDEX(클레임목록!$I$2:$I$2000,MATCH($B57,클레임목록!$O$2:$O$2000,0)))) | L57: =IF($B57="","",IF(INDEX(클레임목록!$J$2:$J$2000,MATCH($B57,클레임목록!$O$2:$O$2000,0))="","",INDEX(클레임목록!$J$2:$J$2000,MATCH($B57,클레임목록!$O$2:$O$2000,0))))
B58: =IF(45<=$C$11,45,"") | C58: =IF($B58="","",IF(INDEX(클레임목록!$A$2:$A$2000,MATCH($B58,클레임목록!$O$2:$O$2000,0))="","",INDEX(클레임목록!$A$2:$A$2000,MATCH($B58,클레임목록!$O$2:$O$2000,0)))) | D58: =IF($B58="","",IF(INDEX(클레임목록!$B$2:$B$2000,MATCH($B58,클레임목록!$O$2:$O$2000,0))="","",INDEX(클레임목록!$B$2:$B$2000,MATCH($B58,클레임목록!$O$2:$O$2000,0)))) | E58: =IF($B58="","",IF(INDEX(클레임목록!$C$2:$C$2000,MATCH($B58,클레임목록!$O$2:$O$2000,0))="","",INDEX(클레임목록!$C$2:$C$2000,MATCH($B58,클레임목록!$O$2:$O$2000,0)))) | F58: =IF($B58="","",IF(INDEX(클레임목록!$D$2:$D$2000,MATCH($B58,클레임목록!$O$2:$O$2000,0))="","",INDEX(클레임목록!$D$2:$D$2000,MATCH($B58,클레임목록!$O$2:$O$2000,0)))) | G58: =IF($B58="","",IF(INDEX(클레임목록!$E$2:$E$2000,MATCH($B58,클레임목록!$O$2:$O$2000,0))="","",INDEX(클레임목록!$E$2:$E$2000,MATCH($B58,클레임목록!$O$2:$O$2000,0)))) | H58: =IF($B58="","",IF(INDEX(클레임목록!$F$2:$F$2000,MATCH($B58,클레임목록!$O$2:$O$2000,0))="","",INDEX(클레임목록!$F$2:$F$2000,MATCH($B58,클레임목록!$O$2:$O$2000,0)))) | I58: =IF($B58="","",IF(INDEX(클레임목록!$G$2:$G$2000,MATCH($B58,클레임목록!$O$2:$O$2000,0))="","",INDEX(클레임목록!$G$2:$G$2000,MATCH($B58,클레임목록!$O$2:$O$2000,0)))) | J58: =IF($B58="","",IF(INDEX(클레임목록!$H$2:$H$2000,MATCH($B58,클레임목록!$O$2:$O$2000,0))="","",INDEX(클레임목록!$H$2:$H$2000,MATCH($B58,클레임목록!$O$2:$O$2000,0)))) | K58: =IF($B58="","",IF(INDEX(클레임목록!$I$2:$I$2000,MATCH($B58,클레임목록!$O$2:$O$2000,0))="","",INDEX(클레임목록!$I$2:$I$2000,MATCH($B58,클레임목록!$O$2:$O$2000,0)))) | L58: =IF($B58="","",IF(INDEX(클레임목록!$J$2:$J$2000,MATCH($B58,클레임목록!$O$2:$O$2000,0))="","",INDEX(클레임목록!$J$2:$J$2000,MATCH($B58,클레임목록!$O$2:$O$2000,0))))
B59: =IF(46<=$C$11,46,"") | C59: =IF($B59="","",IF(INDEX(클레임목록!$A$2:$A$2000,MATCH($B59,클레임목록!$O$2:$O$2000,0))="","",INDEX(클레임목록!$A$2:$A$2000,MATCH($B59,클레임목록!$O$2:$O$2000,0)))) | D59: =IF($B59="","",IF(INDEX(클레임목록!$B$2:$B$2000,MATCH($B59,클레임목록!$O$2:$O$2000,0))="","",INDEX(클레임목록!$B$2:$B$2000,MATCH($B59,클레임목록!$O$2:$O$2000,0)))) | E59: =IF($B59="","",IF(INDEX(클레임목록!$C$2:$C$2000,MATCH($B59,클레임목록!$O$2:$O$2000,0))="","",INDEX(클레임목록!$C$2:$C$2000,MATCH($B59,클레임목록!$O$2:$O$2000,0)))) | F59: =IF($B59="","",IF(INDEX(클레임목록!$D$2:$D$2000,MATCH($B59,클레임목록!$O$2:$O$2000,0))="","",INDEX(클레임목록!$D$2:$D$2000,MATCH($B59,클레임목록!$O$2:$O$2000,0)))) | G59: =IF($B59="","",IF(INDEX(클레임목록!$E$2:$E$2000,MATCH($B59,클레임목록!$O$2:$O$2000,0))="","",INDEX(클레임목록!$E$2:$E$2000,MATCH($B59,클레임목록!$O$2:$O$2000,0)))) | H59: =IF($B59="","",IF(INDEX(클레임목록!$F$2:$F$2000,MATCH($B59,클레임목록!$O$2:$O$2000,0))="","",INDEX(클레임목록!$F$2:$F$2000,MATCH($B59,클레임목록!$O$2:$O$2000,0)))) | I59: =IF($B59="","",IF(INDEX(클레임목록!$G$2:$G$2000,MATCH($B59,클레임목록!$O$2:$O$2000,0))="","",INDEX(클레임목록!$G$2:$G$2000,MATCH($B59,클레임목록!$O$2:$O$2000,0)))) | J59: =IF($B59="","",IF(INDEX(클레임목록!$H$2:$H$2000,MATCH($B59,클레임목록!$O$2:$O$2000,0))="","",INDEX(클레임목록!$H$2:$H$2000,MATCH($B59,클레임목록!$O$2:$O$2000,0)))) | K59: =IF($B59="","",IF(INDEX(클레임목록!$I$2:$I$2000,MATCH($B59,클레임목록!$O$2:$O$2000,0))="","",INDEX(클레임목록!$I$2:$I$2000,MATCH($B59,클레임목록!$O$2:$O$2000,0)))) | L59: =IF($B59="","",IF(INDEX(클레임목록!$J$2:$J$2000,MATCH($B59,클레임목록!$O$2:$O$2000,0))="","",INDEX(클레임목록!$J$2:$J$2000,MATCH($B59,클레임목록!$O$2:$O$2000,0))))
B60: =IF(47<=$C$11,47,"") | C60: =IF($B60="","",IF(INDEX(클레임목록!$A$2:$A$2000,MATCH($B60,클레임목록!$O$2:$O$2000,0))="","",INDEX(클레임목록!$A$2:$A$2000,MATCH($B60,클레임목록!$O$2:$O$2000,0)))) | D60: =IF($B60="","",IF(INDEX(클레임목록!$B$2:$B$2000,MATCH($B60,클레임목록!$O$2:$O$2000,0))="","",INDEX(클레임목록!$B$2:$B$2000,MATCH($B60,클레임목록!$O$2:$O$2000,0)))) | E60: =IF($B60="","",IF(INDEX(클레임목록!$C$2:$C$2000,MATCH($B60,클레임목록!$O$2:$O$2000,0))="","",INDEX(클레임목록!$C$2:$C$2000,MATCH($B60,클레임목록!$O$2:$O$2000,0)))) | F60: =IF($B60="","",IF(INDEX(클레임목록!$D$2:$D$2000,MATCH($B60,클레임목록!$O$2:$O$2000,0))="","",INDEX(클레임목록!$D$2:$D$2000,MATCH($B60,클레임목록!$O$2:$O$2000,0)))) | G60: =IF($B60="","",IF(INDEX(클레임목록!$E$2:$E$2000,MATCH($B60,클레임목록!$O$2:$O$2000,0))="","",INDEX(클레임목록!$E$2:$E$2000,MATCH($B60,클레임목록!$O$2:$O$2000,0)))) | H60: =IF($B60="","",IF(INDEX(클레임목록!$F$2:$F$2000,MATCH($B60,클레임목록!$O$2:$O$2000,0))="","",INDEX(클레임목록!$F$2:$F$2000,MATCH($B60,클레임목록!$O$2:$O$2000,0)))) | I60: =IF($B60="","",IF(INDEX(클레임목록!$G$2:$G$2000,MATCH($B60,클레임목록!$O$2:$O$2000,0))="","",INDEX(클레임목록!$G$2:$G$2000,MATCH($B60,클레임목록!$O$2:$O$2000,0)))) | J60: =IF($B60="","",IF(INDEX(클레임목록!$H$2:$H$2000,MATCH($B60,클레임목록!$O$2:$O$2000,0))="","",INDEX(클레임목록!$H$2:$H$2000,MATCH($B60,클레임목록!$O$2:$O$2000,0)))) | K60: =IF($B60="","",IF(INDEX(클레임목록!$I$2:$I$2000,MATCH($B60,클레임목록!$O$2:$O$2000,0))="","",INDEX(클레임목록!$I$2:$I$2000,MATCH($B60,클레임목록!$O$2:$O$2000,0)))) | L60: =IF($B60="","",IF(INDEX(클레임목록!$J$2:$J$2000,MATCH($B60,클레임목록!$O$2:$O$2000,0))="","",INDEX(클레임목록!$J$2:$J$2000,MATCH($B60,클레임목록!$O$2:$O$2000,0))))
B61: =IF(48<=$C$11,48,"") | C61: =IF($B61="","",IF(INDEX(클레임목록!$A$2:$A$2000,MATCH($B61,클레임목록!$O$2:$O$2000,0))="","",INDEX(클레임목록!$A$2:$A$2000,MATCH($B61,클레임목록!$O$2:$O$2000,0)))) | D61: =IF($B61="","",IF(INDEX(클레임목록!$B$2:$B$2000,MATCH($B61,클레임목록!$O$2:$O$2000,0))="","",INDEX(클레임목록!$B$2:$B$2000,MATCH($B61,클레임목록!$O$2:$O$2000,0)))) | E61: =IF($B61="","",IF(INDEX(클레임목록!$C$2:$C$2000,MATCH($B61,클레임목록!$O$2:$O$2000,0))="","",INDEX(클레임목록!$C$2:$C$2000,MATCH($B61,클레임목록!$O$2:$O$2000,0)))) | F61: =IF($B61="","",IF(INDEX(클레임목록!$D$2:$D$2000,MATCH($B61,클레임목록!$O$2:$O$2000,0))="","",INDEX(클레임목록!$D$2:$D$2000,MATCH($B61,클레임목록!$O$2:$O$2000,0)))) | G61: =IF($B61="","",IF(INDEX(클레임목록!$E$2:$E$2000,MATCH($B61,클레임목록!$O$2:$O$2000,0))="","",INDEX(클레임목록!$E$2:$E$2000,MATCH($B61,클레임목록!$O$2:$O$2000,0)))) | H61: =IF($B61="","",IF(INDEX(클레임목록!$F$2:$F$2000,MATCH($B61,클레임목록!$O$2:$O$2000,0))="","",INDEX(클레임목록!$F$2:$F$2000,MATCH($B61,클레임목록!$O$2:$O$2000,0)))) | I61: =IF($B61="","",IF(INDEX(클레임목록!$G$2:$G$2000,MATCH($B61,클레임목록!$O$2:$O$2000,0))="","",INDEX(클레임목록!$G$2:$G$2000,MATCH($B61,클레임목록!$O$2:$O$2000,0)))) | J61: =IF($B61="","",IF(INDEX(클레임목록!$H$2:$H$2000,MATCH($B61,클레임목록!$O$2:$O$2000,0))="","",INDEX(클레임목록!$H$2:$H$2000,MATCH($B61,클레임목록!$O$2:$O$2000,0)))) | K61: =IF($B61="","",IF(INDEX(클레임목록!$I$2:$I$2000,MATCH($B61,클레임목록!$O$2:$O$2000,0))="","",INDEX(클레임목록!$I$2:$I$2000,MATCH($B61,클레임목록!$O$2:$O$2000,0)))) | L61: =IF($B61="","",IF(INDEX(클레임목록!$J$2:$J$2000,MATCH($B61,클레임목록!$O$2:$O$2000,0))="","",INDEX(클레임목록!$J$2:$J$2000,MATCH($B61,클레임목록!$O$2:$O$2000,0))))
B62: =IF(49<=$C$11,49,"") | C62: =IF($B62="","",IF(INDEX(클레임목록!$A$2:$A$2000,MATCH($B62,클레임목록!$O$2:$O$2000,0))="","",INDEX(클레임목록!$A$2:$A$2000,MATCH($B62,클레임목록!$O$2:$O$2000,0)))) | D62: =IF($B62="","",IF(INDEX(클레임목록!$B$2:$B$2000,MATCH($B62,클레임목록!$O$2:$O$2000,0))="","",INDEX(클레임목록!$B$2:$B$2000,MATCH($B62,클레임목록!$O$2:$O$2000,0)))) | E62: =IF($B62="","",IF(INDEX(클레임목록!$C$2:$C$2000,MATCH($B62,클레임목록!$O$2:$O$2000,0))="","",INDEX(클레임목록!$C$2:$C$2000,MATCH($B62,클레임목록!$O$2:$O$2000,0)))) | F62: =IF($B62="","",IF(INDEX(클레임목록!$D$2:$D$2000,MATCH($B62,클레임목록!$O$2:$O$2000,0))="","",INDEX(클레임목록!$D$2:$D$2000,MATCH($B62,클레임목록!$O$2:$O$2000,0)))) | G62: =IF($B62="","",IF(INDEX(클레임목록!$E$2:$E$2000,MATCH($B62,클레임목록!$O$2:$O$2000,0))="","",INDEX(클레임목록!$E$2:$E$2000,MATCH($B62,클레임목록!$O$2:$O$2000,0)))) | H62: =IF($B62="","",IF(INDEX(클레임목록!$F$2:$F$2000,MATCH($B62,클레임목록!$O$2:$O$2000,0))="","",INDEX(클레임목록!$F$2:$F$2000,MATCH($B62,클레임목록!$O$2:$O$2000,0)))) | I62: =IF($B62="","",IF(INDEX(클레임목록!$G$2:$G$2000,MATCH($B62,클레임목록!$O$2:$O$2000,0))="","",INDEX(클레임목록!$G$2:$G$2000,MATCH($B62,클레임목록!$O$2:$O$2000,0)))) | J62: =IF($B62="","",IF(INDEX(클레임목록!$H$2:$H$2000,MATCH($B62,클레임목록!$O$2:$O$2000,0))="","",INDEX(클레임목록!$H$2:$H$2000,MATCH($B62,클레임목록!$O$2:$O$2000,0)))) | K62: =IF($B62="","",IF(INDEX(클레임목록!$I$2:$I$2000,MATCH($B62,클레임목록!$O$2:$O$2000,0))="","",INDEX(클레임목록!$I$2:$I$2000,MATCH($B62,클레임목록!$O$2:$O$2000,0)))) | L62: =IF($B62="","",IF(INDEX(클레임목록!$J$2:$J$2000,MATCH($B62,클레임목록!$O$2:$O$2000,0))="","",INDEX(클레임목록!$J$2:$J$2000,MATCH($B62,클레임목록!$O$2:$O$2000,0))))
B63: =IF(50<=$C$11,50,"") | C63: =IF($B63="","",IF(INDEX(클레임목록!$A$2:$A$2000,MATCH($B63,클레임목록!$O$2:$O$2000,0))="","",INDEX(클레임목록!$A$2:$A$2000,MATCH($B63,클레임목록!$O$2:$O$2000,0)))) | D63: =IF($B63="","",IF(INDEX(클레임목록!$B$2:$B$2000,MATCH($B63,클레임목록!$O$2:$O$2000,0))="","",INDEX(클레임목록!$B$2:$B$2000,MATCH($B63,클레임목록!$O$2:$O$2000,0)))) | E63: =IF($B63="","",IF(INDEX(클레임목록!$C$2:$C$2000,MATCH($B63,클레임목록!$O$2:$O$2000,0))="","",INDEX(클레임목록!$C$2:$C$2000,MATCH($B63,클레임목록!$O$2:$O$2000,0)))) | F63: =IF($B63="","",IF(INDEX(클레임목록!$D$2:$D$2000,MATCH($B63,클레임목록!$O$2:$O$2000,0))="","",INDEX(클레임목록!$D$2:$D$2000,MATCH($B63,클레임목록!$O$2:$O$2000,0)))) | G63: =IF($B63="","",IF(INDEX(클레임목록!$E$2:$E$2000,MATCH($B63,클레임목록!$O$2:$O$2000,0))="","",INDEX(클레임목록!$E$2:$E$2000,MATCH($B63,클레임목록!$O$2:$O$2000,0)))) | H63: =IF($B63="","",IF(INDEX(클레임목록!$F$2:$F$2000,MATCH($B63,클레임목록!$O$2:$O$2000,0))="","",INDEX(클레임목록!$F$2:$F$2000,MATCH($B63,클레임목록!$O$2:$O$2000,0)))) | I63: =IF($B63="","",IF(INDEX(클레임목록!$G$2:$G$2000,MATCH($B63,클레임목록!$O$2:$O$2000,0))="","",INDEX(클레임목록!$G$2:$G$2000,MATCH($B63,클레임목록!$O$2:$O$2000,0)))) | J63: =IF($B63="","",IF(INDEX(클레임목록!$H$2:$H$2000,MATCH($B63,클레임목록!$O$2:$O$2000,0))="","",INDEX(클레임목록!$H$2:$H$2000,MATCH($B63,클레임목록!$O$2:$O$2000,0)))) | K63: =IF($B63="","",IF(INDEX(클레임목록!$I$2:$I$2000,MATCH($B63,클레임목록!$O$2:$O$2000,0))="","",INDEX(클레임목록!$I$2:$I$2000,MATCH($B63,클레임목록!$O$2:$O$2000,0)))) | L63: =IF($B63="","",IF(INDEX(클레임목록!$J$2:$J$2000,MATCH($B63,클레임목록!$O$2:$O$2000,0))="","",INDEX(클레임목록!$J$2:$J$2000,MATCH($B63,클레임목록!$O$2:$O$2000,0))))
B64: =IF(51<=$C$11,51,"") | C64: =IF($B64="","",IF(INDEX(클레임목록!$A$2:$A$2000,MATCH($B64,클레임목록!$O$2:$O$2000,0))="","",INDEX(클레임목록!$A$2:$A$2000,MATCH($B64,클레임목록!$O$2:$O$2000,0)))) | D64: =IF($B64="","",IF(INDEX(클레임목록!$B$2:$B$2000,MATCH($B64,클레임목록!$O$2:$O$2000,0))="","",INDEX(클레임목록!$B$2:$B$2000,MATCH($B64,클레임목록!$O$2:$O$2000,0)))) | E64: =IF($B64="","",IF(INDEX(클레임목록!$C$2:$C$2000,MATCH($B64,클레임목록!$O$2:$O$2000,0))="","",INDEX(클레임목록!$C$2:$C$2000,MATCH($B64,클레임목록!$O$2:$O$2000,0)))) | F64: =IF($B64="","",IF(INDEX(클레임목록!$D$2:$D$2000,MATCH($B64,클레임목록!$O$2:$O$2000,0))="","",INDEX(클레임목록!$D$2:$D$2000,MATCH($B64,클레임목록!$O$2:$O$2000,0)))) | G64: =IF($B64="","",IF(INDEX(클레임목록!$E$2:$E$2000,MATCH($B64,클레임목록!$O$2:$O$2000,0))="","",INDEX(클레임목록!$E$2:$E$2000,MATCH($B64,클레임목록!$O$2:$O$2000,0)))) | H64: =IF($B64="","",IF(INDEX(클레임목록!$F$2:$F$2000,MATCH($B64,클레임목록!$O$2:$O$2000,0))="","",INDEX(클레임목록!$F$2:$F$2000,MATCH($B64,클레임목록!$O$2:$O$2000,0)))) | I64: =IF($B64="","",IF(INDEX(클레임목록!$G$2:$G$2000,MATCH($B64,클레임목록!$O$2:$O$2000,0))="","",INDEX(클레임목록!$G$2:$G$2000,MATCH($B64,클레임목록!$O$2:$O$2000,0)))) | J64: =IF($B64="","",IF(INDEX(클레임목록!$H$2:$H$2000,MATCH($B64,클레임목록!$O$2:$O$2000,0))="","",INDEX(클레임목록!$H$2:$H$2000,MATCH($B64,클레임목록!$O$2:$O$2000,0)))) | K64: =IF($B64="","",IF(INDEX(클레임목록!$I$2:$I$2000,MATCH($B64,클레임목록!$O$2:$O$2000,0))="","",INDEX(클레임목록!$I$2:$I$2000,MATCH($B64,클레임목록!$O$2:$O$2000,0)))) | L64: =IF($B64="","",IF(INDEX(클레임목록!$J$2:$J$2000,MATCH($B64,클레임목록!$O$2:$O$2000,0))="","",INDEX(클레임목록!$J$2:$J$2000,MATCH($B64,클레임목록!$O$2:$O$2000,0))))
B65: =IF(52<=$C$11,52,"") | C65: =IF($B65="","",IF(INDEX(클레임목록!$A$2:$A$2000,MATCH($B65,클레임목록!$O$2:$O$2000,0))="","",INDEX(클레임목록!$A$2:$A$2000,MATCH($B65,클레임목록!$O$2:$O$2000,0)))) | D65: =IF($B65="","",IF(INDEX(클레임목록!$B$2:$B$2000,MATCH($B65,클레임목록!$O$2:$O$2000,0))="","",INDEX(클레임목록!$B$2:$B$2000,MATCH($B65,클레임목록!$O$2:$O$2000,0)))) | E65: =IF($B65="","",IF(INDEX(클레임목록!$C$2:$C$2000,MATCH($B65,클레임목록!$O$2:$O$2000,0))="","",INDEX(클레임목록!$C$2:$C$2000,MATCH($B65,클레임목록!$O$2:$O$2000,0)))) | F65: =IF($B65="","",IF(INDEX(클레임목록!$D$2:$D$2000,MATCH($B65,클레임목록!$O$2:$O$2000,0))="","",INDEX(클레임목록!$D$2:$D$2000,MATCH($B65,클레임목록!$O$2:$O$2000,0)))) | G65: =IF($B65="","",IF(INDEX(클레임목록!$E$2:$E$2000,MATCH($B65,클레임목록!$O$2:$O$2000,0))="","",INDEX(클레임목록!$E$2:$E$2000,MATCH($B65,클레임목록!$O$2:$O$2000,0)))) | H65: =IF($B65="","",IF(INDEX(클레임목록!$F$2:$F$2000,MATCH($B65,클레임목록!$O$2:$O$2000,0))="","",INDEX(클레임목록!$F$2:$F$2000,MATCH($B65,클레임목록!$O$2:$O$2000,0)))) | I65: =IF($B65="","",IF(INDEX(클레임목록!$G$2:$G$2000,MATCH($B65,클레임목록!$O$2:$O$2000,0))="","",INDEX(클레임목록!$G$2:$G$2000,MATCH($B65,클레임목록!$O$2:$O$2000,0)))) | J65: =IF($B65="","",IF(INDEX(클레임목록!$H$2:$H$2000,MATCH($B65,클레임목록!$O$2:$O$2000,0))="","",INDEX(클레임목록!$H$2:$H$2000,MATCH($B65,클레임목록!$O$2:$O$2000,0)))) | K65: =IF($B65="","",IF(INDEX(클레임목록!$I$2:$I$2000,MATCH($B65,클레임목록!$O$2:$O$2000,0))="","",INDEX(클레임목록!$I$2:$I$2000,MATCH($B65,클레임목록!$O$2:$O$2000,0)))) | L65: =IF($B65="","",IF(INDEX(클레임목록!$J$2:$J$2000,MATCH($B65,클레임목록!$O$2:$O$2000,0))="","",INDEX(클레임목록!$J$2:$J$2000,MATCH($B65,클레임목록!$O$2:$O$2000,0))))
B66: =IF(53<=$C$11,53,"") | C66: =IF($B66="","",IF(INDEX(클레임목록!$A$2:$A$2000,MATCH($B66,클레임목록!$O$2:$O$2000,0))="","",INDEX(클레임목록!$A$2:$A$2000,MATCH($B66,클레임목록!$O$2:$O$2000,0)))) | D66: =IF($B66="","",IF(INDEX(클레임목록!$B$2:$B$2000,MATCH($B66,클레임목록!$O$2:$O$2000,0))="","",INDEX(클레임목록!$B$2:$B$2000,MATCH($B66,클레임목록!$O$2:$O$2000,0)))) | E66: =IF($B66="","",IF(INDEX(클레임목록!$C$2:$C$2000,MATCH($B66,클레임목록!$O$2:$O$2000,0))="","",INDEX(클레임목록!$C$2:$C$2000,MATCH($B66,클레임목록!$O$2:$O$2000,0)))) | F66: =IF($B66="","",IF(INDEX(클레임목록!$D$2:$D$2000,MATCH($B66,클레임목록!$O$2:$O$2000,0))="","",INDEX(클레임목록!$D$2:$D$2000,MATCH($B66,클레임목록!$O$2:$O$2000,0)))) | G66: =IF($B66="","",IF(INDEX(클레임목록!$E$2:$E$2000,MATCH($B66,클레임목록!$O$2:$O$2000,0))="","",INDEX(클레임목록!$E$2:$E$2000,MATCH($B66,클레임목록!$O$2:$O$2000,0)))) | H66: =IF($B66="","",IF(INDEX(클레임목록!$F$2:$F$2000,MATCH($B66,클레임목록!$O$2:$O$2000,0))="","",INDEX(클레임목록!$F$2:$F$2000,MATCH($B66,클레임목록!$O$2:$O$2000,0)))) | I66: =IF($B66="","",IF(INDEX(클레임목록!$G$2:$G$2000,MATCH($B66,클레임목록!$O$2:$O$2000,0))="","",INDEX(클레임목록!$G$2:$G$2000,MATCH($B66,클레임목록!$O$2:$O$2000,0)))) | J66: =IF($B66="","",IF(INDEX(클레임목록!$H$2:$H$2000,MATCH($B66,클레임목록!$O$2:$O$2000,0))="","",INDEX(클레임목록!$H$2:$H$2000,MATCH($B66,클레임목록!$O$2:$O$2000,0)))) | K66: =IF($B66="","",IF(INDEX(클레임목록!$I$2:$I$2000,MATCH($B66,클레임목록!$O$2:$O$2000,0))="","",INDEX(클레임목록!$I$2:$I$2000,MATCH($B66,클레임목록!$O$2:$O$2000,0)))) | L66: =IF($B66="","",IF(INDEX(클레임목록!$J$2:$J$2000,MATCH($B66,클레임목록!$O$2:$O$2000,0))="","",INDEX(클레임목록!$J$2:$J$2000,MATCH($B66,클레임목록!$O$2:$O$2000,0))))
B67: =IF(54<=$C$11,54,"") | C67: =IF($B67="","",IF(INDEX(클레임목록!$A$2:$A$2000,MATCH($B67,클레임목록!$O$2:$O$2000,0))="","",INDEX(클레임목록!$A$2:$A$2000,MATCH($B67,클레임목록!$O$2:$O$2000,0)))) | D67: =IF($B67="","",IF(INDEX(클레임목록!$B$2:$B$2000,MATCH($B67,클레임목록!$O$2:$O$2000,0))="","",INDEX(클레임목록!$B$2:$B$2000,MATCH($B67,클레임목록!$O$2:$O$2000,0)))) | E67: =IF($B67="","",IF(INDEX(클레임목록!$C$2:$C$2000,MATCH($B67,클레임목록!$O$2:$O$2000,0))="","",INDEX(클레임목록!$C$2:$C$2000,MATCH($B67,클레임목록!$O$2:$O$2000,0)))) | F67: =IF($B67="","",IF(INDEX(클레임목록!$D$2:$D$2000,MATCH($B67,클레임목록!$O$2:$O$2000,0))="","",INDEX(클레임목록!$D$2:$D$2000,MATCH($B67,클레임목록!$O$2:$O$2000,0)))) | G67: =IF($B67="","",IF(INDEX(클레임목록!$E$2:$E$2000,MATCH($B67,클레임목록!$O$2:$O$2000,0))="","",INDEX(클레임목록!$E$2:$E$2000,MATCH($B67,클레임목록!$O$2:$O$2000,0)))) | H67: =IF($B67="","",IF(INDEX(클레임목록!$F$2:$F$2000,MATCH($B67,클레임목록!$O$2:$O$2000,0))="","",INDEX(클레임목록!$F$2:$F$2000,MATCH($B67,클레임목록!$O$2:$O$2000,0)))) | I67: =IF($B67="","",IF(INDEX(클레임목록!$G$2:$G$2000,MATCH($B67,클레임목록!$O$2:$O$2000,0))="","",INDEX(클레임목록!$G$2:$G$2000,MATCH($B67,클레임목록!$O$2:$O$2000,0)))) | J67: =IF($B67="","",IF(INDEX(클레임목록!$H$2:$H$2000,MATCH($B67,클레임목록!$O$2:$O$2000,0))="","",INDEX(클레임목록!$H$2:$H$2000,MATCH($B67,클레임목록!$O$2:$O$2000,0)))) | K67: =IF($B67="","",IF(INDEX(클레임목록!$I$2:$I$2000,MATCH($B67,클레임목록!$O$2:$O$2000,0))="","",INDEX(클레임목록!$I$2:$I$2000,MATCH($B67,클레임목록!$O$2:$O$2000,0)))) | L67: =IF($B67="","",IF(INDEX(클레임목록!$J$2:$J$2000,MATCH($B67,클레임목록!$O$2:$O$2000,0))="","",INDEX(클레임목록!$J$2:$J$2000,MATCH($B67,클레임목록!$O$2:$O$2000,0))))
B68: =IF(55<=$C$11,55,"") | C68: =IF($B68="","",IF(INDEX(클레임목록!$A$2:$A$2000,MATCH($B68,클레임목록!$O$2:$O$2000,0))="","",INDEX(클레임목록!$A$2:$A$2000,MATCH($B68,클레임목록!$O$2:$O$2000,0)))) | D68: =IF($B68="","",IF(INDEX(클레임목록!$B$2:$B$2000,MATCH($B68,클레임목록!$O$2:$O$2000,0))="","",INDEX(클레임목록!$B$2:$B$2000,MATCH($B68,클레임목록!$O$2:$O$2000,0)))) | E68: =IF($B68="","",IF(INDEX(클레임목록!$C$2:$C$2000,MATCH($B68,클레임목록!$O$2:$O$2000,0))="","",INDEX(클레임목록!$C$2:$C$2000,MATCH($B68,클레임목록!$O$2:$O$2000,0)))) | F68: =IF($B68="","",IF(INDEX(클레임목록!$D$2:$D$2000,MATCH($B68,클레임목록!$O$2:$O$2000,0))="","",INDEX(클레임목록!$D$2:$D$2000,MATCH($B68,클레임목록!$O$2:$O$2000,0)))) | G68: =IF($B68="","",IF(INDEX(클레임목록!$E$2:$E$2000,MATCH($B68,클레임목록!$O$2:$O$2000,0))="","",INDEX(클레임목록!$E$2:$E$2000,MATCH($B68,클레임목록!$O$2:$O$2000,0)))) | H68: =IF($B68="","",IF(INDEX(클레임목록!$F$2:$F$2000,MATCH($B68,클레임목록!$O$2:$O$2000,0))="","",INDEX(클레임목록!$F$2:$F$2000,MATCH($B68,클레임목록!$O$2:$O$2000,0)))) | I68: =IF($B68="","",IF(INDEX(클레임목록!$G$2:$G$2000,MATCH($B68,클레임목록!$O$2:$O$2000,0))="","",INDEX(클레임목록!$G$2:$G$2000,MATCH($B68,클레임목록!$O$2:$O$2000,0)))) | J68: =IF($B68="","",IF(INDEX(클레임목록!$H$2:$H$2000,MATCH($B68,클레임목록!$O$2:$O$2000,0))="","",INDEX(클레임목록!$H$2:$H$2000,MATCH($B68,클레임목록!$O$2:$O$2000,0)))) | K68: =IF($B68="","",IF(INDEX(클레임목록!$I$2:$I$2000,MATCH($B68,클레임목록!$O$2:$O$2000,0))="","",INDEX(클레임목록!$I$2:$I$2000,MATCH($B68,클레임목록!$O$2:$O$2000,0)))) | L68: =IF($B68="","",IF(INDEX(클레임목록!$J$2:$J$2000,MATCH($B68,클레임목록!$O$2:$O$2000,0))="","",INDEX(클레임목록!$J$2:$J$2000,MATCH($B68,클레임목록!$O$2:$O$2000,0))))
B69: =IF(56<=$C$11,56,"") | C69: =IF($B69="","",IF(INDEX(클레임목록!$A$2:$A$2000,MATCH($B69,클레임목록!$O$2:$O$2000,0))="","",INDEX(클레임목록!$A$2:$A$2000,MATCH($B69,클레임목록!$O$2:$O$2000,0)))) | D69: =IF($B69="","",IF(INDEX(클레임목록!$B$2:$B$2000,MATCH($B69,클레임목록!$O$2:$O$2000,0))="","",INDEX(클레임목록!$B$2:$B$2000,MATCH($B69,클레임목록!$O$2:$O$2000,0)))) | E69: =IF($B69="","",IF(INDEX(클레임목록!$C$2:$C$2000,MATCH($B69,클레임목록!$O$2:$O$2000,0))="","",INDEX(클레임목록!$C$2:$C$2000,MATCH($B69,클레임목록!$O$2:$O$2000,0)))) | F69: =IF($B69="","",IF(INDEX(클레임목록!$D$2:$D$2000,MATCH($B69,클레임목록!$O$2:$O$2000,0))="","",INDEX(클레임목록!$D$2:$D$2000,MATCH($B69,클레임목록!$O$2:$O$2000,0)))) | G69: =IF($B69="","",IF(INDEX(클레임목록!$E$2:$E$2000,MATCH($B69,클레임목록!$O$2:$O$2000,0))="","",INDEX(클레임목록!$E$2:$E$2000,MATCH($B69,클레임목록!$O$2:$O$2000,0)))) | H69: =IF($B69="","",IF(INDEX(클레임목록!$F$2:$F$2000,MATCH($B69,클레임목록!$O$2:$O$2000,0))="","",INDEX(클레임목록!$F$2:$F$2000,MATCH($B69,클레임목록!$O$2:$O$2000,0)))) | I69: =IF($B69="","",IF(INDEX(클레임목록!$G$2:$G$2000,MATCH($B69,클레임목록!$O$2:$O$2000,0))="","",INDEX(클레임목록!$G$2:$G$2000,MATCH($B69,클레임목록!$O$2:$O$2000,0)))) | J69: =IF($B69="","",IF(INDEX(클레임목록!$H$2:$H$2000,MATCH($B69,클레임목록!$O$2:$O$2000,0))="","",INDEX(클레임목록!$H$2:$H$2000,MATCH($B69,클레임목록!$O$2:$O$2000,0)))) | K69: =IF($B69="","",IF(INDEX(클레임목록!$I$2:$I$2000,MATCH($B69,클레임목록!$O$2:$O$2000,0))="","",INDEX(클레임목록!$I$2:$I$2000,MATCH($B69,클레임목록!$O$2:$O$2000,0)))) | L69: =IF($B69="","",IF(INDEX(클레임목록!$J$2:$J$2000,MATCH($B69,클레임목록!$O$2:$O$2000,0))="","",INDEX(클레임목록!$J$2:$J$2000,MATCH($B69,클레임목록!$O$2:$O$2000,0))))
B70: =IF(57<=$C$11,57,"") | C70: =IF($B70="","",IF(INDEX(클레임목록!$A$2:$A$2000,MATCH($B70,클레임목록!$O$2:$O$2000,0))="","",INDEX(클레임목록!$A$2:$A$2000,MATCH($B70,클레임목록!$O$2:$O$2000,0)))) | D70: =IF($B70="","",IF(INDEX(클레임목록!$B$2:$B$2000,MATCH($B70,클레임목록!$O$2:$O$2000,0))="","",INDEX(클레임목록!$B$2:$B$2000,MATCH($B70,클레임목록!$O$2:$O$2000,0)))) | E70: =IF($B70="","",IF(INDEX(클레임목록!$C$2:$C$2000,MATCH($B70,클레임목록!$O$2:$O$2000,0))="","",INDEX(클레임목록!$C$2:$C$2000,MATCH($B70,클레임목록!$O$2:$O$2000,0)))) | F70: =IF($B70="","",IF(INDEX(클레임목록!$D$2:$D$2000,MATCH($B70,클레임목록!$O$2:$O$2000,0))="","",INDEX(클레임목록!$D$2:$D$2000,MATCH($B70,클레임목록!$O$2:$O$2000,0)))) | G70: =IF($B70="","",IF(INDEX(클레임목록!$E$2:$E$2000,MATCH($B70,클레임목록!$O$2:$O$2000,0))="","",INDEX(클레임목록!$E$2:$E$2000,MATCH($B70,클레임목록!$O$2:$O$2000,0)))) | H70: =IF($B70="","",IF(INDEX(클레임목록!$F$2:$F$2000,MATCH($B70,클레임목록!$O$2:$O$2000,0))="","",INDEX(클레임목록!$F$2:$F$2000,MATCH($B70,클레임목록!$O$2:$O$2000,0)))) | I70: =IF($B70="","",IF(INDEX(클레임목록!$G$2:$G$2000,MATCH($B70,클레임목록!$O$2:$O$2000,0))="","",INDEX(클레임목록!$G$2:$G$2000,MATCH($B70,클레임목록!$O$2:$O$2000,0)))) | J70: =IF($B70="","",IF(INDEX(클레임목록!$H$2:$H$2000,MATCH($B70,클레임목록!$O$2:$O$2000,0))="","",INDEX(클레임목록!$H$2:$H$2000,MATCH($B70,클레임목록!$O$2:$O$2000,0)))) | K70: =IF($B70="","",IF(INDEX(클레임목록!$I$2:$I$2000,MATCH($B70,클레임목록!$O$2:$O$2000,0))="","",INDEX(클레임목록!$I$2:$I$2000,MATCH($B70,클레임목록!$O$2:$O$2000,0)))) | L70: =IF($B70="","",IF(INDEX(클레임목록!$J$2:$J$2000,MATCH($B70,클레임목록!$O$2:$O$2000,0))="","",INDEX(클레임목록!$J$2:$J$2000,MATCH($B70,클레임목록!$O$2:$O$2000,0))))
B71: =IF(58<=$C$11,58,"") | C71: =IF($B71="","",IF(INDEX(클레임목록!$A$2:$A$2000,MATCH($B71,클레임목록!$O$2:$O$2000,0))="","",INDEX(클레임목록!$A$2:$A$2000,MATCH($B71,클레임목록!$O$2:$O$2000,0)))) | D71: =IF($B71="","",IF(INDEX(클레임목록!$B$2:$B$2000,MATCH($B71,클레임목록!$O$2:$O$2000,0))="","",INDEX(클레임목록!$B$2:$B$2000,MATCH($B71,클레임목록!$O$2:$O$2000,0)))) | E71: =IF($B71="","",IF(INDEX(클레임목록!$C$2:$C$2000,MATCH($B71,클레임목록!$O$2:$O$2000,0))="","",INDEX(클레임목록!$C$2:$C$2000,MATCH($B71,클레임목록!$O$2:$O$2000,0)))) | F71: =IF($B71="","",IF(INDEX(클레임목록!$D$2:$D$2000,MATCH($B71,클레임목록!$O$2:$O$2000,0))="","",INDEX(클레임목록!$D$2:$D$2000,MATCH($B71,클레임목록!$O$2:$O$2000,0)))) | G71: =IF($B71="","",IF(INDEX(클레임목록!$E$2:$E$2000,MATCH($B71,클레임목록!$O$2:$O$2000,0))="","",INDEX(클레임목록!$E$2:$E$2000,MATCH($B71,클레임목록!$O$2:$O$2000,0)))) | H71: =IF($B71="","",IF(INDEX(클레임목록!$F$2:$F$2000,MATCH($B71,클레임목록!$O$2:$O$2000,0))="","",INDEX(클레임목록!$F$2:$F$2000,MATCH($B71,클레임목록!$O$2:$O$2000,0)))) | I71: =IF($B71="","",IF(INDEX(클레임목록!$G$2:$G$2000,MATCH($B71,클레임목록!$O$2:$O$2000,0))="","",INDEX(클레임목록!$G$2:$G$2000,MATCH($B71,클레임목록!$O$2:$O$2000,0)))) | J71: =IF($B71="","",IF(INDEX(클레임목록!$H$2:$H$2000,MATCH($B71,클레임목록!$O$2:$O$2000,0))="","",INDEX(클레임목록!$H$2:$H$2000,MATCH($B71,클레임목록!$O$2:$O$2000,0)))) | K71: =IF($B71="","",IF(INDEX(클레임목록!$I$2:$I$2000,MATCH($B71,클레임목록!$O$2:$O$2000,0))="","",INDEX(클레임목록!$I$2:$I$2000,MATCH($B71,클레임목록!$O$2:$O$2000,0)))) | L71: =IF($B71="","",IF(INDEX(클레임목록!$J$2:$J$2000,MATCH($B71,클레임목록!$O$2:$O$2000,0))="","",INDEX(클레임목록!$J$2:$J$2000,MATCH($B71,클레임목록!$O$2:$O$2000,0))))
B72: =IF(59<=$C$11,59,"") | C72: =IF($B72="","",IF(INDEX(클레임목록!$A$2:$A$2000,MATCH($B72,클레임목록!$O$2:$O$2000,0))="","",INDEX(클레임목록!$A$2:$A$2000,MATCH($B72,클레임목록!$O$2:$O$2000,0)))) | D72: =IF($B72="","",IF(INDEX(클레임목록!$B$2:$B$2000,MATCH($B72,클레임목록!$O$2:$O$2000,0))="","",INDEX(클레임목록!$B$2:$B$2000,MATCH($B72,클레임목록!$O$2:$O$2000,0)))) | E72: =IF($B72="","",IF(INDEX(클레임목록!$C$2:$C$2000,MATCH($B72,클레임목록!$O$2:$O$2000,0))="","",INDEX(클레임목록!$C$2:$C$2000,MATCH($B72,클레임목록!$O$2:$O$2000,0)))) | F72: =IF($B72="","",IF(INDEX(클레임목록!$D$2:$D$2000,MATCH($B72,클레임목록!$O$2:$O$2000,0))="","",INDEX(클레임목록!$D$2:$D$2000,MATCH($B72,클레임목록!$O$2:$O$2000,0)))) | G72: =IF($B72="","",IF(INDEX(클레임목록!$E$2:$E$2000,MATCH($B72,클레임목록!$O$2:$O$2000,0))="","",INDEX(클레임목록!$E$2:$E$2000,MATCH($B72,클레임목록!$O$2:$O$2000,0)))) | H72: =IF($B72="","",IF(INDEX(클레임목록!$F$2:$F$2000,MATCH($B72,클레임목록!$O$2:$O$2000,0))="","",INDEX(클레임목록!$F$2:$F$2000,MATCH($B72,클레임목록!$O$2:$O$2000,0)))) | I72: =IF($B72="","",IF(INDEX(클레임목록!$G$2:$G$2000,MATCH($B72,클레임목록!$O$2:$O$2000,0))="","",INDEX(클레임목록!$G$2:$G$2000,MATCH($B72,클레임목록!$O$2:$O$2000,0)))) | J72: =IF($B72="","",IF(INDEX(클레임목록!$H$2:$H$2000,MATCH($B72,클레임목록!$O$2:$O$2000,0))="","",INDEX(클레임목록!$H$2:$H$2000,MATCH($B72,클레임목록!$O$2:$O$2000,0)))) | K72: =IF($B72="","",IF(INDEX(클레임목록!$I$2:$I$2000,MATCH($B72,클레임목록!$O$2:$O$2000,0))="","",INDEX(클레임목록!$I$2:$I$2000,MATCH($B72,클레임목록!$O$2:$O$2000,0)))) | L72: =IF($B72="","",IF(INDEX(클레임목록!$J$2:$J$2000,MATCH($B72,클레임목록!$O$2:$O$2000,0))="","",INDEX(클레임목록!$J$2:$J$2000,MATCH($B72,클레임목록!$O$2:$O$2000,0))))
B73: =IF(60<=$C$11,60,"") | C73: =IF($B73="","",IF(INDEX(클레임목록!$A$2:$A$2000,MATCH($B73,클레임목록!$O$2:$O$2000,0))="","",INDEX(클레임목록!$A$2:$A$2000,MATCH($B73,클레임목록!$O$2:$O$2000,0)))) | D73: =IF($B73="","",IF(INDEX(클레임목록!$B$2:$B$2000,MATCH($B73,클레임목록!$O$2:$O$2000,0))="","",INDEX(클레임목록!$B$2:$B$2000,MATCH($B73,클레임목록!$O$2:$O$2000,0)))) | E73: =IF($B73="","",IF(INDEX(클레임목록!$C$2:$C$2000,MATCH($B73,클레임목록!$O$2:$O$2000,0))="","",INDEX(클레임목록!$C$2:$C$2000,MATCH($B73,클레임목록!$O$2:$O$2000,0)))) | F73: =IF($B73="","",IF(INDEX(클레임목록!$D$2:$D$2000,MATCH($B73,클레임목록!$O$2:$O$2000,0))="","",INDEX(클레임목록!$D$2:$D$2000,MATCH($B73,클레임목록!$O$2:$O$2000,0)))) | G73: =IF($B73="","",IF(INDEX(클레임목록!$E$2:$E$2000,MATCH($B73,클레임목록!$O$2:$O$2000,0))="","",INDEX(클레임목록!$E$2:$E$2000,MATCH($B73,클레임목록!$O$2:$O$2000,0)))) | H73: =IF($B73="","",IF(INDEX(클레임목록!$F$2:$F$2000,MATCH($B73,클레임목록!$O$2:$O$2000,0))="","",INDEX(클레임목록!$F$2:$F$2000,MATCH($B73,클레임목록!$O$2:$O$2000,0)))) | I73: =IF($B73="","",IF(INDEX(클레임목록!$G$2:$G$2000,MATCH($B73,클레임목록!$O$2:$O$2000,0))="","",INDEX(클레임목록!$G$2:$G$2000,MATCH($B73,클레임목록!$O$2:$O$2000,0)))) | J73: =IF($B73="","",IF(INDEX(클레임목록!$H$2:$H$2000,MATCH($B73,클레임목록!$O$2:$O$2000,0))="","",INDEX(클레임목록!$H$2:$H$2000,MATCH($B73,클레임목록!$O$2:$O$2000,0)))) | K73: =IF($B73="","",IF(INDEX(클레임목록!$I$2:$I$2000,MATCH($B73,클레임목록!$O$2:$O$2000,0))="","",INDEX(클레임목록!$I$2:$I$2000,MATCH($B73,클레임목록!$O$2:$O$2000,0)))) | L73: =IF($B73="","",IF(INDEX(클레임목록!$J$2:$J$2000,MATCH($B73,클레임목록!$O$2:$O$2000,0))="","",INDEX(클레임목록!$J$2:$J$2000,MATCH($B73,클레임목록!$O$2:$O$2000,0))))
B74: =IF(61<=$C$11,61,"") | C74: =IF($B74="","",IF(INDEX(클레임목록!$A$2:$A$2000,MATCH($B74,클레임목록!$O$2:$O$2000,0))="","",INDEX(클레임목록!$A$2:$A$2000,MATCH($B74,클레임목록!$O$2:$O$2000,0)))) | D74: =IF($B74="","",IF(INDEX(클레임목록!$B$2:$B$2000,MATCH($B74,클레임목록!$O$2:$O$2000,0))="","",INDEX(클레임목록!$B$2:$B$2000,MATCH($B74,클레임목록!$O$2:$O$2000,0)))) | E74: =IF($B74="","",IF(INDEX(클레임목록!$C$2:$C$2000,MATCH($B74,클레임목록!$O$2:$O$2000,0))="","",INDEX(클레임목록!$C$2:$C$2000,MATCH($B74,클레임목록!$O$2:$O$2000,0)))) | F74: =IF($B74="","",IF(INDEX(클레임목록!$D$2:$D$2000,MATCH($B74,클레임목록!$O$2:$O$2000,0))="","",INDEX(클레임목록!$D$2:$D$2000,MATCH($B74,클레임목록!$O$2:$O$2000,0)))) | G74: =IF($B74="","",IF(INDEX(클레임목록!$E$2:$E$2000,MATCH($B74,클레임목록!$O$2:$O$2000,0))="","",INDEX(클레임목록!$E$2:$E$2000,MATCH($B74,클레임목록!$O$2:$O$2000,0)))) | H74: =IF($B74="","",IF(INDEX(클레임목록!$F$2:$F$2000,MATCH($B74,클레임목록!$O$2:$O$2000,0))="","",INDEX(클레임목록!$F$2:$F$2000,MATCH($B74,클레임목록!$O$2:$O$2000,0)))) | I74: =IF($B74="","",IF(INDEX(클레임목록!$G$2:$G$2000,MATCH($B74,클레임목록!$O$2:$O$2000,0))="","",INDEX(클레임목록!$G$2:$G$2000,MATCH($B74,클레임목록!$O$2:$O$2000,0)))) | J74: =IF($B74="","",IF(INDEX(클레임목록!$H$2:$H$2000,MATCH($B74,클레임목록!$O$2:$O$2000,0))="","",INDEX(클레임목록!$H$2:$H$2000,MATCH($B74,클레임목록!$O$2:$O$2000,0)))) | K74: =IF($B74="","",IF(INDEX(클레임목록!$I$2:$I$2000,MATCH($B74,클레임목록!$O$2:$O$2000,0))="","",INDEX(클레임목록!$I$2:$I$2000,MATCH($B74,클레임목록!$O$2:$O$2000,0)))) | L74: =IF($B74="","",IF(INDEX(클레임목록!$J$2:$J$2000,MATCH($B74,클레임목록!$O$2:$O$2000,0))="","",INDEX(클레임목록!$J$2:$J$2000,MATCH($B74,클레임목록!$O$2:$O$2000,0))))
B75: =IF(62<=$C$11,62,"") | C75: =IF($B75="","",IF(INDEX(클레임목록!$A$2:$A$2000,MATCH($B75,클레임목록!$O$2:$O$2000,0))="","",INDEX(클레임목록!$A$2:$A$2000,MATCH($B75,클레임목록!$O$2:$O$2000,0)))) | D75: =IF($B75="","",IF(INDEX(클레임목록!$B$2:$B$2000,MATCH($B75,클레임목록!$O$2:$O$2000,0))="","",INDEX(클레임목록!$B$2:$B$2000,MATCH($B75,클레임목록!$O$2:$O$2000,0)))) | E75: =IF($B75="","",IF(INDEX(클레임목록!$C$2:$C$2000,MATCH($B75,클레임목록!$O$2:$O$2000,0))="","",INDEX(클레임목록!$C$2:$C$2000,MATCH($B75,클레임목록!$O$2:$O$2000,0)))) | F75: =IF($B75="","",IF(INDEX(클레임목록!$D$2:$D$2000,MATCH($B75,클레임목록!$O$2:$O$2000,0))="","",INDEX(클레임목록!$D$2:$D$2000,MATCH($B75,클레임목록!$O$2:$O$2000,0)))) | G75: =IF($B75="","",IF(INDEX(클레임목록!$E$2:$E$2000,MATCH($B75,클레임목록!$O$2:$O$2000,0))="","",INDEX(클레임목록!$E$2:$E$2000,MATCH($B75,클레임목록!$O$2:$O$2000,0)))) | H75: =IF($B75="","",IF(INDEX(클레임목록!$F$2:$F$2000,MATCH($B75,클레임목록!$O$2:$O$2000,0))="","",INDEX(클레임목록!$F$2:$F$2000,MATCH($B75,클레임목록!$O$2:$O$2000,0)))) | I75: =IF($B75="","",IF(INDEX(클레임목록!$G$2:$G$2000,MATCH($B75,클레임목록!$O$2:$O$2000,0))="","",INDEX(클레임목록!$G$2:$G$2000,MATCH($B75,클레임목록!$O$2:$O$2000,0)))) | J75: =IF($B75="","",IF(INDEX(클레임목록!$H$2:$H$2000,MATCH($B75,클레임목록!$O$2:$O$2000,0))="","",INDEX(클레임목록!$H$2:$H$2000,MATCH($B75,클레임목록!$O$2:$O$2000,0)))) | K75: =IF($B75="","",IF(INDEX(클레임목록!$I$2:$I$2000,MATCH($B75,클레임목록!$O$2:$O$2000,0))="","",INDEX(클레임목록!$I$2:$I$2000,MATCH($B75,클레임목록!$O$2:$O$2000,0)))) | L75: =IF($B75="","",IF(INDEX(클레임목록!$J$2:$J$2000,MATCH($B75,클레임목록!$O$2:$O$2000,0))="","",INDEX(클레임목록!$J$2:$J$2000,MATCH($B75,클레임목록!$O$2:$O$2000,0))))
B76: =IF(63<=$C$11,63,"") | C76: =IF($B76="","",IF(INDEX(클레임목록!$A$2:$A$2000,MATCH($B76,클레임목록!$O$2:$O$2000,0))="","",INDEX(클레임목록!$A$2:$A$2000,MATCH($B76,클레임목록!$O$2:$O$2000,0)))) | D76: =IF($B76="","",IF(INDEX(클레임목록!$B$2:$B$2000,MATCH($B76,클레임목록!$O$2:$O$2000,0))="","",INDEX(클레임목록!$B$2:$B$2000,MATCH($B76,클레임목록!$O$2:$O$2000,0)))) | E76: =IF($B76="","",IF(INDEX(클레임목록!$C$2:$C$2000,MATCH($B76,클레임목록!$O$2:$O$2000,0))="","",INDEX(클레임목록!$C$2:$C$2000,MATCH($B76,클레임목록!$O$2:$O$2000,0)))) | F76: =IF($B76="","",IF(INDEX(클레임목록!$D$2:$D$2000,MATCH($B76,클레임목록!$O$2:$O$2000,0))="","",INDEX(클레임목록!$D$2:$D$2000,MATCH($B76,클레임목록!$O$2:$O$2000,0)))) | G76: =IF($B76="","",IF(INDEX(클레임목록!$E$2:$E$2000,MATCH($B76,클레임목록!$O$2:$O$2000,0))="","",INDEX(클레임목록!$E$2:$E$2000,MATCH($B76,클레임목록!$O$2:$O$2000,0)))) | H76: =IF($B76="","",IF(INDEX(클레임목록!$F$2:$F$2000,MATCH($B76,클레임목록!$O$2:$O$2000,0))="","",INDEX(클레임목록!$F$2:$F$2000,MATCH($B76,클레임목록!$O$2:$O$2000,0)))) | I76: =IF($B76="","",IF(INDEX(클레임목록!$G$2:$G$2000,MATCH($B76,클레임목록!$O$2:$O$2000,0))="","",INDEX(클레임목록!$G$2:$G$2000,MATCH($B76,클레임목록!$O$2:$O$2000,0)))) | J76: =IF($B76="","",IF(INDEX(클레임목록!$H$2:$H$2000,MATCH($B76,클레임목록!$O$2:$O$2000,0))="","",INDEX(클레임목록!$H$2:$H$2000,MATCH($B76,클레임목록!$O$2:$O$2000,0)))) | K76: =IF($B76="","",IF(INDEX(클레임목록!$I$2:$I$2000,MATCH($B76,클레임목록!$O$2:$O$2000,0))="","",INDEX(클레임목록!$I$2:$I$2000,MATCH($B76,클레임목록!$O$2:$O$2000,0)))) | L76: =IF($B76="","",IF(INDEX(클레임목록!$J$2:$J$2000,MATCH($B76,클레임목록!$O$2:$O$2000,0))="","",INDEX(클레임목록!$J$2:$J$2000,MATCH($B76,클레임목록!$O$2:$O$2000,0))))
B77: =IF(64<=$C$11,64,"") | C77: =IF($B77="","",IF(INDEX(클레임목록!$A$2:$A$2000,MATCH($B77,클레임목록!$O$2:$O$2000,0))="","",INDEX(클레임목록!$A$2:$A$2000,MATCH($B77,클레임목록!$O$2:$O$2000,0)))) | D77: =IF($B77="","",IF(INDEX(클레임목록!$B$2:$B$2000,MATCH($B77,클레임목록!$O$2:$O$2000,0))="","",INDEX(클레임목록!$B$2:$B$2000,MATCH($B77,클레임목록!$O$2:$O$2000,0)))) | E77: =IF($B77="","",IF(INDEX(클레임목록!$C$2:$C$2000,MATCH($B77,클레임목록!$O$2:$O$2000,0))="","",INDEX(클레임목록!$C$2:$C$2000,MATCH($B77,클레임목록!$O$2:$O$2000,0)))) | F77: =IF($B77="","",IF(INDEX(클레임목록!$D$2:$D$2000,MATCH($B77,클레임목록!$O$2:$O$2000,0))="","",INDEX(클레임목록!$D$2:$D$2000,MATCH($B77,클레임목록!$O$2:$O$2000,0)))) | G77: =IF($B77="","",IF(INDEX(클레임목록!$E$2:$E$2000,MATCH($B77,클레임목록!$O$2:$O$2000,0))="","",INDEX(클레임목록!$E$2:$E$2000,MATCH($B77,클레임목록!$O$2:$O$2000,0)))) | H77: =IF($B77="","",IF(INDEX(클레임목록!$F$2:$F$2000,MATCH($B77,클레임목록!$O$2:$O$2000,0))="","",INDEX(클레임목록!$F$2:$F$2000,MATCH($B77,클레임목록!$O$2:$O$2000,0)))) | I77: =IF($B77="","",IF(INDEX(클레임목록!$G$2:$G$2000,MATCH($B77,클레임목록!$O$2:$O$2000,0))="","",INDEX(클레임목록!$G$2:$G$2000,MATCH($B77,클레임목록!$O$2:$O$2000,0)))) | J77: =IF($B77="","",IF(INDEX(클레임목록!$H$2:$H$2000,MATCH($B77,클레임목록!$O$2:$O$2000,0))="","",INDEX(클레임목록!$H$2:$H$2000,MATCH($B77,클레임목록!$O$2:$O$2000,0)))) | K77: =IF($B77="","",IF(INDEX(클레임목록!$I$2:$I$2000,MATCH($B77,클레임목록!$O$2:$O$2000,0))="","",INDEX(클레임목록!$I$2:$I$2000,MATCH($B77,클레임목록!$O$2:$O$2000,0)))) | L77: =IF($B77="","",IF(INDEX(클레임목록!$J$2:$J$2000,MATCH($B77,클레임목록!$O$2:$O$2000,0))="","",INDEX(클레임목록!$J$2:$J$2000,MATCH($B77,클레임목록!$O$2:$O$2000,0))))
B78: =IF(65<=$C$11,65,"") | C78: =IF($B78="","",IF(INDEX(클레임목록!$A$2:$A$2000,MATCH($B78,클레임목록!$O$2:$O$2000,0))="","",INDEX(클레임목록!$A$2:$A$2000,MATCH($B78,클레임목록!$O$2:$O$2000,0)))) | D78: =IF($B78="","",IF(INDEX(클레임목록!$B$2:$B$2000,MATCH($B78,클레임목록!$O$2:$O$2000,0))="","",INDEX(클레임목록!$B$2:$B$2000,MATCH($B78,클레임목록!$O$2:$O$2000,0)))) | E78: =IF($B78="","",IF(INDEX(클레임목록!$C$2:$C$2000,MATCH($B78,클레임목록!$O$2:$O$2000,0))="","",INDEX(클레임목록!$C$2:$C$2000,MATCH($B78,클레임목록!$O$2:$O$2000,0)))) | F78: =IF($B78="","",IF(INDEX(클레임목록!$D$2:$D$2000,MATCH($B78,클레임목록!$O$2:$O$2000,0))="","",INDEX(클레임목록!$D$2:$D$2000,MATCH($B78,클레임목록!$O$2:$O$2000,0)))) | G78: =IF($B78="","",IF(INDEX(클레임목록!$E$2:$E$2000,MATCH($B78,클레임목록!$O$2:$O$2000,0))="","",INDEX(클레임목록!$E$2:$E$2000,MATCH($B78,클레임목록!$O$2:$O$2000,0)))) | H78: =IF($B78="","",IF(INDEX(클레임목록!$F$2:$F$2000,MATCH($B78,클레임목록!$O$2:$O$2000,0))="","",INDEX(클레임목록!$F$2:$F$2000,MATCH($B78,클레임목록!$O$2:$O$2000,0)))) | I78: =IF($B78="","",IF(INDEX(클레임목록!$G$2:$G$2000,MATCH($B78,클레임목록!$O$2:$O$2000,0))="","",INDEX(클레임목록!$G$2:$G$2000,MATCH($B78,클레임목록!$O$2:$O$2000,0)))) | J78: =IF($B78="","",IF(INDEX(클레임목록!$H$2:$H$2000,MATCH($B78,클레임목록!$O$2:$O$2000,0))="","",INDEX(클레임목록!$H$2:$H$2000,MATCH($B78,클레임목록!$O$2:$O$2000,0)))) | K78: =IF($B78="","",IF(INDEX(클레임목록!$I$2:$I$2000,MATCH($B78,클레임목록!$O$2:$O$2000,0))="","",INDEX(클레임목록!$I$2:$I$2000,MATCH($B78,클레임목록!$O$2:$O$2000,0)))) | L78: =IF($B78="","",IF(INDEX(클레임목록!$J$2:$J$2000,MATCH($B78,클레임목록!$O$2:$O$2000,0))="","",INDEX(클레임목록!$J$2:$J$2000,MATCH($B78,클레임목록!$O$2:$O$2000,0))))
B79: =IF(66<=$C$11,66,"") | C79: =IF($B79="","",IF(INDEX(클레임목록!$A$2:$A$2000,MATCH($B79,클레임목록!$O$2:$O$2000,0))="","",INDEX(클레임목록!$A$2:$A$2000,MATCH($B79,클레임목록!$O$2:$O$2000,0)))) | D79: =IF($B79="","",IF(INDEX(클레임목록!$B$2:$B$2000,MATCH($B79,클레임목록!$O$2:$O$2000,0))="","",INDEX(클레임목록!$B$2:$B$2000,MATCH($B79,클레임목록!$O$2:$O$2000,0)))) | E79: =IF($B79="","",IF(INDEX(클레임목록!$C$2:$C$2000,MATCH($B79,클레임목록!$O$2:$O$2000,0))="","",INDEX(클레임목록!$C$2:$C$2000,MATCH($B79,클레임목록!$O$2:$O$2000,0)))) | F79: =IF($B79="","",IF(INDEX(클레임목록!$D$2:$D$2000,MATCH($B79,클레임목록!$O$2:$O$2000,0))="","",INDEX(클레임목록!$D$2:$D$2000,MATCH($B79,클레임목록!$O$2:$O$2000,0)))) | G79: =IF($B79="","",IF(INDEX(클레임목록!$E$2:$E$2000,MATCH($B79,클레임목록!$O$2:$O$2000,0))="","",INDEX(클레임목록!$E$2:$E$2000,MATCH($B79,클레임목록!$O$2:$O$2000,0)))) | H79: =IF($B79="","",IF(INDEX(클레임목록!$F$2:$F$2000,MATCH($B79,클레임목록!$O$2:$O$2000,0))="","",INDEX(클레임목록!$F$2:$F$2000,MATCH($B79,클레임목록!$O$2:$O$2000,0)))) | I79: =IF($B79="","",IF(INDEX(클레임목록!$G$2:$G$2000,MATCH($B79,클레임목록!$O$2:$O$2000,0))="","",INDEX(클레임목록!$G$2:$G$2000,MATCH($B79,클레임목록!$O$2:$O$2000,0)))) | J79: =IF($B79="","",IF(INDEX(클레임목록!$H$2:$H$2000,MATCH($B79,클레임목록!$O$2:$O$2000,0))="","",INDEX(클레임목록!$H$2:$H$2000,MATCH($B79,클레임목록!$O$2:$O$2000,0)))) | K79: =IF($B79="","",IF(INDEX(클레임목록!$I$2:$I$2000,MATCH($B79,클레임목록!$O$2:$O$2000,0))="","",INDEX(클레임목록!$I$2:$I$2000,MATCH($B79,클레임목록!$O$2:$O$2000,0)))) | L79: =IF($B79="","",IF(INDEX(클레임목록!$J$2:$J$2000,MATCH($B79,클레임목록!$O$2:$O$2000,0))="","",INDEX(클레임목록!$J$2:$J$2000,MATCH($B79,클레임목록!$O$2:$O$2000,0))))
B80: =IF(67<=$C$11,67,"") | C80: =IF($B80="","",IF(INDEX(클레임목록!$A$2:$A$2000,MATCH($B80,클레임목록!$O$2:$O$2000,0))="","",INDEX(클레임목록!$A$2:$A$2000,MATCH($B80,클레임목록!$O$2:$O$2000,0)))) | D80: =IF($B80="","",IF(INDEX(클레임목록!$B$2:$B$2000,MATCH($B80,클레임목록!$O$2:$O$2000,0))="","",INDEX(클레임목록!$B$2:$B$2000,MATCH($B80,클레임목록!$O$2:$O$2000,0)))) | E80: =IF($B80="","",IF(INDEX(클레임목록!$C$2:$C$2000,MATCH($B80,클레임목록!$O$2:$O$2000,0))="","",INDEX(클레임목록!$C$2:$C$2000,MATCH($B80,클레임목록!$O$2:$O$2000,0)))) | F80: =IF($B80="","",IF(INDEX(클레임목록!$D$2:$D$2000,MATCH($B80,클레임목록!$O$2:$O$2000,0))="","",INDEX(클레임목록!$D$2:$D$2000,MATCH($B80,클레임목록!$O$2:$O$2000,0)))) | G80: =IF($B80="","",IF(INDEX(클레임목록!$E$2:$E$2000,MATCH($B80,클레임목록!$O$2:$O$2000,0))="","",INDEX(클레임목록!$E$2:$E$2000,MATCH($B80,클레임목록!$O$2:$O$2000,0)))) | H80: =IF($B80="","",IF(INDEX(클레임목록!$F$2:$F$2000,MATCH($B80,클레임목록!$O$2:$O$2000,0))="","",INDEX(클레임목록!$F$2:$F$2000,MATCH($B80,클레임목록!$O$2:$O$2000,0)))) | I80: =IF($B80="","",IF(INDEX(클레임목록!$G$2:$G$2000,MATCH($B80,클레임목록!$O$2:$O$2000,0))="","",INDEX(클레임목록!$G$2:$G$2000,MATCH($B80,클레임목록!$O$2:$O$2000,0)))) | J80: =IF($B80="","",IF(INDEX(클레임목록!$H$2:$H$2000,MATCH($B80,클레임목록!$O$2:$O$2000,0))="","",INDEX(클레임목록!$H$2:$H$2000,MATCH($B80,클레임목록!$O$2:$O$2000,0)))) | K80: =IF($B80="","",IF(INDEX(클레임목록!$I$2:$I$2000,MATCH($B80,클레임목록!$O$2:$O$2000,0))="","",INDEX(클레임목록!$I$2:$I$2000,MATCH($B80,클레임목록!$O$2:$O$2000,0)))) | L80: =IF($B80="","",IF(INDEX(클레임목록!$J$2:$J$2000,MATCH($B80,클레임목록!$O$2:$O$2000,0))="","",INDEX(클레임목록!$J$2:$J$2000,MATCH($B80,클레임목록!$O$2:$O$2000,0))))
B81: =IF(68<=$C$11,68,"") | C81: =IF($B81="","",IF(INDEX(클레임목록!$A$2:$A$2000,MATCH($B81,클레임목록!$O$2:$O$2000,0))="","",INDEX(클레임목록!$A$2:$A$2000,MATCH($B81,클레임목록!$O$2:$O$2000,0)))) | D81: =IF($B81="","",IF(INDEX(클레임목록!$B$2:$B$2000,MATCH($B81,클레임목록!$O$2:$O$2000,0))="","",INDEX(클레임목록!$B$2:$B$2000,MATCH($B81,클레임목록!$O$2:$O$2000,0)))) | E81: =IF($B81="","",IF(INDEX(클레임목록!$C$2:$C$2000,MATCH($B81,클레임목록!$O$2:$O$2000,0))="","",INDEX(클레임목록!$C$2:$C$2000,MATCH($B81,클레임목록!$O$2:$O$2000,0)))) | F81: =IF($B81="","",IF(INDEX(클레임목록!$D$2:$D$2000,MATCH($B81,클레임목록!$O$2:$O$2000,0))="","",INDEX(클레임목록!$D$2:$D$2000,MATCH($B81,클레임목록!$O$2:$O$2000,0)))) | G81: =IF($B81="","",IF(INDEX(클레임목록!$E$2:$E$2000,MATCH($B81,클레임목록!$O$2:$O$2000,0))="","",INDEX(클레임목록!$E$2:$E$2000,MATCH($B81,클레임목록!$O$2:$O$2000,0)))) | H81: =IF($B81="","",IF(INDEX(클레임목록!$F$2:$F$2000,MATCH($B81,클레임목록!$O$2:$O$2000,0))="","",INDEX(클레임목록!$F$2:$F$2000,MATCH($B81,클레임목록!$O$2:$O$2000,0)))) | I81: =IF($B81="","",IF(INDEX(클레임목록!$G$2:$G$2000,MATCH($B81,클레임목록!$O$2:$O$2000,0))="","",INDEX(클레임목록!$G$2:$G$2000,MATCH($B81,클레임목록!$O$2:$O$2000,0)))) | J81: =IF($B81="","",IF(INDEX(클레임목록!$H$2:$H$2000,MATCH($B81,클레임목록!$O$2:$O$2000,0))="","",INDEX(클레임목록!$H$2:$H$2000,MATCH($B81,클레임목록!$O$2:$O$2000,0)))) | K81: =IF($B81="","",IF(INDEX(클레임목록!$I$2:$I$2000,MATCH($B81,클레임목록!$O$2:$O$2000,0))="","",INDEX(클레임목록!$I$2:$I$2000,MATCH($B81,클레임목록!$O$2:$O$2000,0)))) | L81: =IF($B81="","",IF(INDEX(클레임목록!$J$2:$J$2000,MATCH($B81,클레임목록!$O$2:$O$2000,0))="","",INDEX(클레임목록!$J$2:$J$2000,MATCH($B81,클레임목록!$O$2:$O$2000,0))))
B82: =IF(69<=$C$11,69,"") | C82: =IF($B82="","",IF(INDEX(클레임목록!$A$2:$A$2000,MATCH($B82,클레임목록!$O$2:$O$2000,0))="","",INDEX(클레임목록!$A$2:$A$2000,MATCH($B82,클레임목록!$O$2:$O$2000,0)))) | D82: =IF($B82="","",IF(INDEX(클레임목록!$B$2:$B$2000,MATCH($B82,클레임목록!$O$2:$O$2000,0))="","",INDEX(클레임목록!$B$2:$B$2000,MATCH($B82,클레임목록!$O$2:$O$2000,0)))) | E82: =IF($B82="","",IF(INDEX(클레임목록!$C$2:$C$2000,MATCH($B82,클레임목록!$O$2:$O$2000,0))="","",INDEX(클레임목록!$C$2:$C$2000,MATCH($B82,클레임목록!$O$2:$O$2000,0)))) | F82: =IF($B82="","",IF(INDEX(클레임목록!$D$2:$D$2000,MATCH($B82,클레임목록!$O$2:$O$2000,0))="","",INDEX(클레임목록!$D$2:$D$2000,MATCH($B82,클레임목록!$O$2:$O$2000,0)))) | G82: =IF($B82="","",IF(INDEX(클레임목록!$E$2:$E$2000,MATCH($B82,클레임목록!$O$2:$O$2000,0))="","",INDEX(클레임목록!$E$2:$E$2000,MATCH($B82,클레임목록!$O$2:$O$2000,0)))) | H82: =IF($B82="","",IF(INDEX(클레임목록!$F$2:$F$2000,MATCH($B82,클레임목록!$O$2:$O$2000,0))="","",INDEX(클레임목록!$F$2:$F$2000,MATCH($B82,클레임목록!$O$2:$O$2000,0)))) | I82: =IF($B82="","",IF(INDEX(클레임목록!$G$2:$G$2000,MATCH($B82,클레임목록!$O$2:$O$2000,0))="","",INDEX(클레임목록!$G$2:$G$2000,MATCH($B82,클레임목록!$O$2:$O$2000,0)))) | J82: =IF($B82="","",IF(INDEX(클레임목록!$H$2:$H$2000,MATCH($B82,클레임목록!$O$2:$O$2000,0))="","",INDEX(클레임목록!$H$2:$H$2000,MATCH($B82,클레임목록!$O$2:$O$2000,0)))) | K82: =IF($B82="","",IF(INDEX(클레임목록!$I$2:$I$2000,MATCH($B82,클레임목록!$O$2:$O$2000,0))="","",INDEX(클레임목록!$I$2:$I$2000,MATCH($B82,클레임목록!$O$2:$O$2000,0)))) | L82: =IF($B82="","",IF(INDEX(클레임목록!$J$2:$J$2000,MATCH($B82,클레임목록!$O$2:$O$2000,0))="","",INDEX(클레임목록!$J$2:$J$2000,MATCH($B82,클레임목록!$O$2:$O$2000,0))))
B83: =IF(70<=$C$11,70,"") | C83: =IF($B83="","",IF(INDEX(클레임목록!$A$2:$A$2000,MATCH($B83,클레임목록!$O$2:$O$2000,0))="","",INDEX(클레임목록!$A$2:$A$2000,MATCH($B83,클레임목록!$O$2:$O$2000,0)))) | D83: =IF($B83="","",IF(INDEX(클레임목록!$B$2:$B$2000,MATCH($B83,클레임목록!$O$2:$O$2000,0))="","",INDEX(클레임목록!$B$2:$B$2000,MATCH($B83,클레임목록!$O$2:$O$2000,0)))) | E83: =IF($B83="","",IF(INDEX(클레임목록!$C$2:$C$2000,MATCH($B83,클레임목록!$O$2:$O$2000,0))="","",INDEX(클레임목록!$C$2:$C$2000,MATCH($B83,클레임목록!$O$2:$O$2000,0)))) | F83: =IF($B83="","",IF(INDEX(클레임목록!$D$2:$D$2000,MATCH($B83,클레임목록!$O$2:$O$2000,0))="","",INDEX(클레임목록!$D$2:$D$2000,MATCH($B83,클레임목록!$O$2:$O$2000,0)))) | G83: =IF($B83="","",IF(INDEX(클레임목록!$E$2:$E$2000,MATCH($B83,클레임목록!$O$2:$O$2000,0))="","",INDEX(클레임목록!$E$2:$E$2000,MATCH($B83,클레임목록!$O$2:$O$2000,0)))) | H83: =IF($B83="","",IF(INDEX(클레임목록!$F$2:$F$2000,MATCH($B83,클레임목록!$O$2:$O$2000,0))="","",INDEX(클레임목록!$F$2:$F$2000,MATCH($B83,클레임목록!$O$2:$O$2000,0)))) | I83: =IF($B83="","",IF(INDEX(클레임목록!$G$2:$G$2000,MATCH($B83,클레임목록!$O$2:$O$2000,0))="","",INDEX(클레임목록!$G$2:$G$2000,MATCH($B83,클레임목록!$O$2:$O$2000,0)))) | J83: =IF($B83="","",IF(INDEX(클레임목록!$H$2:$H$2000,MATCH($B83,클레임목록!$O$2:$O$2000,0))="","",INDEX(클레임목록!$H$2:$H$2000,MATCH($B83,클레임목록!$O$2:$O$2000,0)))) | K83: =IF($B83="","",IF(INDEX(클레임목록!$I$2:$I$2000,MATCH($B83,클레임목록!$O$2:$O$2000,0))="","",INDEX(클레임목록!$I$2:$I$2000,MATCH($B83,클레임목록!$O$2:$O$2000,0)))) | L83: =IF($B83="","",IF(INDEX(클레임목록!$J$2:$J$2000,MATCH($B83,클레임목록!$O$2:$O$2000,0))="","",INDEX(클레임목록!$J$2:$J$2000,MATCH($B83,클레임목록!$O$2:$O$2000,0))))
B84: =IF(71<=$C$11,71,"") | C84: =IF($B84="","",IF(INDEX(클레임목록!$A$2:$A$2000,MATCH($B84,클레임목록!$O$2:$O$2000,0))="","",INDEX(클레임목록!$A$2:$A$2000,MATCH($B84,클레임목록!$O$2:$O$2000,0)))) | D84: =IF($B84="","",IF(INDEX(클레임목록!$B$2:$B$2000,MATCH($B84,클레임목록!$O$2:$O$2000,0))="","",INDEX(클레임목록!$B$2:$B$2000,MATCH($B84,클레임목록!$O$2:$O$2000,0)))) | E84: =IF($B84="","",IF(INDEX(클레임목록!$C$2:$C$2000,MATCH($B84,클레임목록!$O$2:$O$2000,0))="","",INDEX(클레임목록!$C$2:$C$2000,MATCH($B84,클레임목록!$O$2:$O$2000,0)))) | F84: =IF($B84="","",IF(INDEX(클레임목록!$D$2:$D$2000,MATCH($B84,클레임목록!$O$2:$O$2000,0))="","",INDEX(클레임목록!$D$2:$D$2000,MATCH($B84,클레임목록!$O$2:$O$2000,0)))) | G84: =IF($B84="","",IF(INDEX(클레임목록!$E$2:$E$2000,MATCH($B84,클레임목록!$O$2:$O$2000,0))="","",INDEX(클레임목록!$E$2:$E$2000,MATCH($B84,클레임목록!$O$2:$O$2000,0)))) | H84: =IF($B84="","",IF(INDEX(클레임목록!$F$2:$F$2000,MATCH($B84,클레임목록!$O$2:$O$2000,0))="","",INDEX(클레임목록!$F$2:$F$2000,MATCH($B84,클레임목록!$O$2:$O$2000,0)))) | I84: =IF($B84="","",IF(INDEX(클레임목록!$G$2:$G$2000,MATCH($B84,클레임목록!$O$2:$O$2000,0))="","",INDEX(클레임목록!$G$2:$G$2000,MATCH($B84,클레임목록!$O$2:$O$2000,0)))) | J84: =IF($B84="","",IF(INDEX(클레임목록!$H$2:$H$2000,MATCH($B84,클레임목록!$O$2:$O$2000,0))="","",INDEX(클레임목록!$H$2:$H$2000,MATCH($B84,클레임목록!$O$2:$O$2000,0)))) | K84: =IF($B84="","",IF(INDEX(클레임목록!$I$2:$I$2000,MATCH($B84,클레임목록!$O$2:$O$2000,0))="","",INDEX(클레임목록!$I$2:$I$2000,MATCH($B84,클레임목록!$O$2:$O$2000,0)))) | L84: =IF($B84="","",IF(INDEX(클레임목록!$J$2:$J$2000,MATCH($B84,클레임목록!$O$2:$O$2000,0))="","",INDEX(클레임목록!$J$2:$J$2000,MATCH($B84,클레임목록!$O$2:$O$2000,0))))
B85: =IF(72<=$C$11,72,"") | C85: =IF($B85="","",IF(INDEX(클레임목록!$A$2:$A$2000,MATCH($B85,클레임목록!$O$2:$O$2000,0))="","",INDEX(클레임목록!$A$2:$A$2000,MATCH($B85,클레임목록!$O$2:$O$2000,0)))) | D85: =IF($B85="","",IF(INDEX(클레임목록!$B$2:$B$2000,MATCH($B85,클레임목록!$O$2:$O$2000,0))="","",INDEX(클레임목록!$B$2:$B$2000,MATCH($B85,클레임목록!$O$2:$O$2000,0)))) | E85: =IF($B85="","",IF(INDEX(클레임목록!$C$2:$C$2000,MATCH($B85,클레임목록!$O$2:$O$2000,0))="","",INDEX(클레임목록!$C$2:$C$2000,MATCH($B85,클레임목록!$O$2:$O$2000,0)))) | F85: =IF($B85="","",IF(INDEX(클레임목록!$D$2:$D$2000,MATCH($B85,클레임목록!$O$2:$O$2000,0))="","",INDEX(클레임목록!$D$2:$D$2000,MATCH($B85,클레임목록!$O$2:$O$2000,0)))) | G85: =IF($B85="","",IF(INDEX(클레임목록!$E$2:$E$2000,MATCH($B85,클레임목록!$O$2:$O$2000,0))="","",INDEX(클레임목록!$E$2:$E$2000,MATCH($B85,클레임목록!$O$2:$O$2000,0)))) | H85: =IF($B85="","",IF(INDEX(클레임목록!$F$2:$F$2000,MATCH($B85,클레임목록!$O$2:$O$2000,0))="","",INDEX(클레임목록!$F$2:$F$2000,MATCH($B85,클레임목록!$O$2:$O$2000,0)))) | I85: =IF($B85="","",IF(INDEX(클레임목록!$G$2:$G$2000,MATCH($B85,클레임목록!$O$2:$O$2000,0))="","",INDEX(클레임목록!$G$2:$G$2000,MATCH($B85,클레임목록!$O$2:$O$2000,0)))) | J85: =IF($B85="","",IF(INDEX(클레임목록!$H$2:$H$2000,MATCH($B85,클레임목록!$O$2:$O$2000,0))="","",INDEX(클레임목록!$H$2:$H$2000,MATCH($B85,클레임목록!$O$2:$O$2000,0)))) | K85: =IF($B85="","",IF(INDEX(클레임목록!$I$2:$I$2000,MATCH($B85,클레임목록!$O$2:$O$2000,0))="","",INDEX(클레임목록!$I$2:$I$2000,MATCH($B85,클레임목록!$O$2:$O$2000,0)))) | L85: =IF($B85="","",IF(INDEX(클레임목록!$J$2:$J$2000,MATCH($B85,클레임목록!$O$2:$O$2000,0))="","",INDEX(클레임목록!$J$2:$J$2000,MATCH($B85,클레임목록!$O$2:$O$2000,0))))
B86: =IF(73<=$C$11,73,"") | C86: =IF($B86="","",IF(INDEX(클레임목록!$A$2:$A$2000,MATCH($B86,클레임목록!$O$2:$O$2000,0))="","",INDEX(클레임목록!$A$2:$A$2000,MATCH($B86,클레임목록!$O$2:$O$2000,0)))) | D86: =IF($B86="","",IF(INDEX(클레임목록!$B$2:$B$2000,MATCH($B86,클레임목록!$O$2:$O$2000,0))="","",INDEX(클레임목록!$B$2:$B$2000,MATCH($B86,클레임목록!$O$2:$O$2000,0)))) | E86: =IF($B86="","",IF(INDEX(클레임목록!$C$2:$C$2000,MATCH($B86,클레임목록!$O$2:$O$2000,0))="","",INDEX(클레임목록!$C$2:$C$2000,MATCH($B86,클레임목록!$O$2:$O$2000,0)))) | F86: =IF($B86="","",IF(INDEX(클레임목록!$D$2:$D$2000,MATCH($B86,클레임목록!$O$2:$O$2000,0))="","",INDEX(클레임목록!$D$2:$D$2000,MATCH($B86,클레임목록!$O$2:$O$2000,0)))) | G86: =IF($B86="","",IF(INDEX(클레임목록!$E$2:$E$2000,MATCH($B86,클레임목록!$O$2:$O$2000,0))="","",INDEX(클레임목록!$E$2:$E$2000,MATCH($B86,클레임목록!$O$2:$O$2000,0)))) | H86: =IF($B86="","",IF(INDEX(클레임목록!$F$2:$F$2000,MATCH($B86,클레임목록!$O$2:$O$2000,0))="","",INDEX(클레임목록!$F$2:$F$2000,MATCH($B86,클레임목록!$O$2:$O$2000,0)))) | I86: =IF($B86="","",IF(INDEX(클레임목록!$G$2:$G$2000,MATCH($B86,클레임목록!$O$2:$O$2000,0))="","",INDEX(클레임목록!$G$2:$G$2000,MATCH($B86,클레임목록!$O$2:$O$2000,0)))) | J86: =IF($B86="","",IF(INDEX(클레임목록!$H$2:$H$2000,MATCH($B86,클레임목록!$O$2:$O$2000,0))="","",INDEX(클레임목록!$H$2:$H$2000,MATCH($B86,클레임목록!$O$2:$O$2000,0)))) | K86: =IF($B86="","",IF(INDEX(클레임목록!$I$2:$I$2000,MATCH($B86,클레임목록!$O$2:$O$2000,0))="","",INDEX(클레임목록!$I$2:$I$2000,MATCH($B86,클레임목록!$O$2:$O$2000,0)))) | L86: =IF($B86="","",IF(INDEX(클레임목록!$J$2:$J$2000,MATCH($B86,클레임목록!$O$2:$O$2000,0))="","",INDEX(클레임목록!$J$2:$J$2000,MATCH($B86,클레임목록!$O$2:$O$2000,0))))
B87: =IF(74<=$C$11,74,"") | C87: =IF($B87="","",IF(INDEX(클레임목록!$A$2:$A$2000,MATCH($B87,클레임목록!$O$2:$O$2000,0))="","",INDEX(클레임목록!$A$2:$A$2000,MATCH($B87,클레임목록!$O$2:$O$2000,0)))) | D87: =IF($B87="","",IF(INDEX(클레임목록!$B$2:$B$2000,MATCH($B87,클레임목록!$O$2:$O$2000,0))="","",INDEX(클레임목록!$B$2:$B$2000,MATCH($B87,클레임목록!$O$2:$O$2000,0)))) | E87: =IF($B87="","",IF(INDEX(클레임목록!$C$2:$C$2000,MATCH($B87,클레임목록!$O$2:$O$2000,0))="","",INDEX(클레임목록!$C$2:$C$2000,MATCH($B87,클레임목록!$O$2:$O$2000,0)))) | F87: =IF($B87="","",IF(INDEX(클레임목록!$D$2:$D$2000,MATCH($B87,클레임목록!$O$2:$O$2000,0))="","",INDEX(클레임목록!$D$2:$D$2000,MATCH($B87,클레임목록!$O$2:$O$2000,0)))) | G87: =IF($B87="","",IF(INDEX(클레임목록!$E$2:$E$2000,MATCH($B87,클레임목록!$O$2:$O$2000,0))="","",INDEX(클레임목록!$E$2:$E$2000,MATCH($B87,클레임목록!$O$2:$O$2000,0)))) | H87: =IF($B87="","",IF(INDEX(클레임목록!$F$2:$F$2000,MATCH($B87,클레임목록!$O$2:$O$2000,0))="","",INDEX(클레임목록!$F$2:$F$2000,MATCH($B87,클레임목록!$O$2:$O$2000,0)))) | I87: =IF($B87="","",IF(INDEX(클레임목록!$G$2:$G$2000,MATCH($B87,클레임목록!$O$2:$O$2000,0))="","",INDEX(클레임목록!$G$2:$G$2000,MATCH($B87,클레임목록!$O$2:$O$2000,0)))) | J87: =IF($B87="","",IF(INDEX(클레임목록!$H$2:$H$2000,MATCH($B87,클레임목록!$O$2:$O$2000,0))="","",INDEX(클레임목록!$H$2:$H$2000,MATCH($B87,클레임목록!$O$2:$O$2000,0)))) | K87: =IF($B87="","",IF(INDEX(클레임목록!$I$2:$I$2000,MATCH($B87,클레임목록!$O$2:$O$2000,0))="","",INDEX(클레임목록!$I$2:$I$2000,MATCH($B87,클레임목록!$O$2:$O$2000,0)))) | L87: =IF($B87="","",IF(INDEX(클레임목록!$J$2:$J$2000,MATCH($B87,클레임목록!$O$2:$O$2000,0))="","",INDEX(클레임목록!$J$2:$J$2000,MATCH($B87,클레임목록!$O$2:$O$2000,0))))
B88: =IF(75<=$C$11,75,"") | C88: =IF($B88="","",IF(INDEX(클레임목록!$A$2:$A$2000,MATCH($B88,클레임목록!$O$2:$O$2000,0))="","",INDEX(클레임목록!$A$2:$A$2000,MATCH($B88,클레임목록!$O$2:$O$2000,0)))) | D88: =IF($B88="","",IF(INDEX(클레임목록!$B$2:$B$2000,MATCH($B88,클레임목록!$O$2:$O$2000,0))="","",INDEX(클레임목록!$B$2:$B$2000,MATCH($B88,클레임목록!$O$2:$O$2000,0)))) | E88: =IF($B88="","",IF(INDEX(클레임목록!$C$2:$C$2000,MATCH($B88,클레임목록!$O$2:$O$2000,0))="","",INDEX(클레임목록!$C$2:$C$2000,MATCH($B88,클레임목록!$O$2:$O$2000,0)))) | F88: =IF($B88="","",IF(INDEX(클레임목록!$D$2:$D$2000,MATCH($B88,클레임목록!$O$2:$O$2000,0))="","",INDEX(클레임목록!$D$2:$D$2000,MATCH($B88,클레임목록!$O$2:$O$2000,0)))) | G88: =IF($B88="","",IF(INDEX(클레임목록!$E$2:$E$2000,MATCH($B88,클레임목록!$O$2:$O$2000,0))="","",INDEX(클레임목록!$E$2:$E$2000,MATCH($B88,클레임목록!$O$2:$O$2000,0)))) | H88: =IF($B88="","",IF(INDEX(클레임목록!$F$2:$F$2000,MATCH($B88,클레임목록!$O$2:$O$2000,0))="","",INDEX(클레임목록!$F$2:$F$2000,MATCH($B88,클레임목록!$O$2:$O$2000,0)))) | I88: =IF($B88="","",IF(INDEX(클레임목록!$G$2:$G$2000,MATCH($B88,클레임목록!$O$2:$O$2000,0))="","",INDEX(클레임목록!$G$2:$G$2000,MATCH($B88,클레임목록!$O$2:$O$2000,0)))) | J88: =IF($B88="","",IF(INDEX(클레임목록!$H$2:$H$2000,MATCH($B88,클레임목록!$O$2:$O$2000,0))="","",INDEX(클레임목록!$H$2:$H$2000,MATCH($B88,클레임목록!$O$2:$O$2000,0)))) | K88: =IF($B88="","",IF(INDEX(클레임목록!$I$2:$I$2000,MATCH($B88,클레임목록!$O$2:$O$2000,0))="","",INDEX(클레임목록!$I$2:$I$2000,MATCH($B88,클레임목록!$O$2:$O$2000,0)))) | L88: =IF($B88="","",IF(INDEX(클레임목록!$J$2:$J$2000,MATCH($B88,클레임목록!$O$2:$O$2000,0))="","",INDEX(클레임목록!$J$2:$J$2000,MATCH($B88,클레임목록!$O$2:$O$2000,0))))
B89: =IF(76<=$C$11,76,"") | C89: =IF($B89="","",IF(INDEX(클레임목록!$A$2:$A$2000,MATCH($B89,클레임목록!$O$2:$O$2000,0))="","",INDEX(클레임목록!$A$2:$A$2000,MATCH($B89,클레임목록!$O$2:$O$2000,0)))) | D89: =IF($B89="","",IF(INDEX(클레임목록!$B$2:$B$2000,MATCH($B89,클레임목록!$O$2:$O$2000,0))="","",INDEX(클레임목록!$B$2:$B$2000,MATCH($B89,클레임목록!$O$2:$O$2000,0)))) | E89: =IF($B89="","",IF(INDEX(클레임목록!$C$2:$C$2000,MATCH($B89,클레임목록!$O$2:$O$2000,0))="","",INDEX(클레임목록!$C$2:$C$2000,MATCH($B89,클레임목록!$O$2:$O$2000,0)))) | F89: =IF($B89="","",IF(INDEX(클레임목록!$D$2:$D$2000,MATCH($B89,클레임목록!$O$2:$O$2000,0))="","",INDEX(클레임목록!$D$2:$D$2000,MATCH($B89,클레임목록!$O$2:$O$2000,0)))) | G89: =IF($B89="","",IF(INDEX(클레임목록!$E$2:$E$2000,MATCH($B89,클레임목록!$O$2:$O$2000,0))="","",INDEX(클레임목록!$E$2:$E$2000,MATCH($B89,클레임목록!$O$2:$O$2000,0)))) | H89: =IF($B89="","",IF(INDEX(클레임목록!$F$2:$F$2000,MATCH($B89,클레임목록!$O$2:$O$2000,0))="","",INDEX(클레임목록!$F$2:$F$2000,MATCH($B89,클레임목록!$O$2:$O$2000,0)))) | I89: =IF($B89="","",IF(INDEX(클레임목록!$G$2:$G$2000,MATCH($B89,클레임목록!$O$2:$O$2000,0))="","",INDEX(클레임목록!$G$2:$G$2000,MATCH($B89,클레임목록!$O$2:$O$2000,0)))) | J89: =IF($B89="","",IF(INDEX(클레임목록!$H$2:$H$2000,MATCH($B89,클레임목록!$O$2:$O$2000,0))="","",INDEX(클레임목록!$H$2:$H$2000,MATCH($B89,클레임목록!$O$2:$O$2000,0)))) | K89: =IF($B89="","",IF(INDEX(클레임목록!$I$2:$I$2000,MATCH($B89,클레임목록!$O$2:$O$2000,0))="","",INDEX(클레임목록!$I$2:$I$2000,MATCH($B89,클레임목록!$O$2:$O$2000,0)))) | L89: =IF($B89="","",IF(INDEX(클레임목록!$J$2:$J$2000,MATCH($B89,클레임목록!$O$2:$O$2000,0))="","",INDEX(클레임목록!$J$2:$J$2000,MATCH($B89,클레임목록!$O$2:$O$2000,0))))
B90: =IF(77<=$C$11,77,"") | C90: =IF($B90="","",IF(INDEX(클레임목록!$A$2:$A$2000,MATCH($B90,클레임목록!$O$2:$O$2000,0))="","",INDEX(클레임목록!$A$2:$A$2000,MATCH($B90,클레임목록!$O$2:$O$2000,0)))) | D90: =IF($B90="","",IF(INDEX(클레임목록!$B$2:$B$2000,MATCH($B90,클레임목록!$O$2:$O$2000,0))="","",INDEX(클레임목록!$B$2:$B$2000,MATCH($B90,클레임목록!$O$2:$O$2000,0)))) | E90: =IF($B90="","",IF(INDEX(클레임목록!$C$2:$C$2000,MATCH($B90,클레임목록!$O$2:$O$2000,0))="","",INDEX(클레임목록!$C$2:$C$2000,MATCH($B90,클레임목록!$O$2:$O$2000,0)))) | F90: =IF($B90="","",IF(INDEX(클레임목록!$D$2:$D$2000,MATCH($B90,클레임목록!$O$2:$O$2000,0))="","",INDEX(클레임목록!$D$2:$D$2000,MATCH($B90,클레임목록!$O$2:$O$2000,0)))) | G90: =IF($B90="","",IF(INDEX(클레임목록!$E$2:$E$2000,MATCH($B90,클레임목록!$O$2:$O$2000,0))="","",INDEX(클레임목록!$E$2:$E$2000,MATCH($B90,클레임목록!$O$2:$O$2000,0)))) | H90: =IF($B90="","",IF(INDEX(클레임목록!$F$2:$F$2000,MATCH($B90,클레임목록!$O$2:$O$2000,0))="","",INDEX(클레임목록!$F$2:$F$2000,MATCH($B90,클레임목록!$O$2:$O$2000,0)))) | I90: =IF($B90="","",IF(INDEX(클레임목록!$G$2:$G$2000,MATCH($B90,클레임목록!$O$2:$O$2000,0))="","",INDEX(클레임목록!$G$2:$G$2000,MATCH($B90,클레임목록!$O$2:$O$2000,0)))) | J90: =IF($B90="","",IF(INDEX(클레임목록!$H$2:$H$2000,MATCH($B90,클레임목록!$O$2:$O$2000,0))="","",INDEX(클레임목록!$H$2:$H$2000,MATCH($B90,클레임목록!$O$2:$O$2000,0)))) | K90: =IF($B90="","",IF(INDEX(클레임목록!$I$2:$I$2000,MATCH($B90,클레임목록!$O$2:$O$2000,0))="","",INDEX(클레임목록!$I$2:$I$2000,MATCH($B90,클레임목록!$O$2:$O$2000,0)))) | L90: =IF($B90="","",IF(INDEX(클레임목록!$J$2:$J$2000,MATCH($B90,클레임목록!$O$2:$O$2000,0))="","",INDEX(클레임목록!$J$2:$J$2000,MATCH($B90,클레임목록!$O$2:$O$2000,0))))
B91: =IF(78<=$C$11,78,"") | C91: =IF($B91="","",IF(INDEX(클레임목록!$A$2:$A$2000,MATCH($B91,클레임목록!$O$2:$O$2000,0))="","",INDEX(클레임목록!$A$2:$A$2000,MATCH($B91,클레임목록!$O$2:$O$2000,0)))) | D91: =IF($B91="","",IF(INDEX(클레임목록!$B$2:$B$2000,MATCH($B91,클레임목록!$O$2:$O$2000,0))="","",INDEX(클레임목록!$B$2:$B$2000,MATCH($B91,클레임목록!$O$2:$O$2000,0)))) | E91: =IF($B91="","",IF(INDEX(클레임목록!$C$2:$C$2000,MATCH($B91,클레임목록!$O$2:$O$2000,0))="","",INDEX(클레임목록!$C$2:$C$2000,MATCH($B91,클레임목록!$O$2:$O$2000,0)))) | F91: =IF($B91="","",IF(INDEX(클레임목록!$D$2:$D$2000,MATCH($B91,클레임목록!$O$2:$O$2000,0))="","",INDEX(클레임목록!$D$2:$D$2000,MATCH($B91,클레임목록!$O$2:$O$2000,0)))) | G91: =IF($B91="","",IF(INDEX(클레임목록!$E$2:$E$2000,MATCH($B91,클레임목록!$O$2:$O$2000,0))="","",INDEX(클레임목록!$E$2:$E$2000,MATCH($B91,클레임목록!$O$2:$O$2000,0)))) | H91: =IF($B91="","",IF(INDEX(클레임목록!$F$2:$F$2000,MATCH($B91,클레임목록!$O$2:$O$2000,0))="","",INDEX(클레임목록!$F$2:$F$2000,MATCH($B91,클레임목록!$O$2:$O$2000,0)))) | I91: =IF($B91="","",IF(INDEX(클레임목록!$G$2:$G$2000,MATCH($B91,클레임목록!$O$2:$O$2000,0))="","",INDEX(클레임목록!$G$2:$G$2000,MATCH($B91,클레임목록!$O$2:$O$2000,0)))) | J91: =IF($B91="","",IF(INDEX(클레임목록!$H$2:$H$2000,MATCH($B91,클레임목록!$O$2:$O$2000,0))="","",INDEX(클레임목록!$H$2:$H$2000,MATCH($B91,클레임목록!$O$2:$O$2000,0)))) | K91: =IF($B91="","",IF(INDEX(클레임목록!$I$2:$I$2000,MATCH($B91,클레임목록!$O$2:$O$2000,0))="","",INDEX(클레임목록!$I$2:$I$2000,MATCH($B91,클레임목록!$O$2:$O$2000,0)))) | L91: =IF($B91="","",IF(INDEX(클레임목록!$J$2:$J$2000,MATCH($B91,클레임목록!$O$2:$O$2000,0))="","",INDEX(클레임목록!$J$2:$J$2000,MATCH($B91,클레임목록!$O$2:$O$2000,0))))
B92: =IF(79<=$C$11,79,"") | C92: =IF($B92="","",IF(INDEX(클레임목록!$A$2:$A$2000,MATCH($B92,클레임목록!$O$2:$O$2000,0))="","",INDEX(클레임목록!$A$2:$A$2000,MATCH($B92,클레임목록!$O$2:$O$2000,0)))) | D92: =IF($B92="","",IF(INDEX(클레임목록!$B$2:$B$2000,MATCH($B92,클레임목록!$O$2:$O$2000,0))="","",INDEX(클레임목록!$B$2:$B$2000,MATCH($B92,클레임목록!$O$2:$O$2000,0)))) | E92: =IF($B92="","",IF(INDEX(클레임목록!$C$2:$C$2000,MATCH($B92,클레임목록!$O$2:$O$2000,0))="","",INDEX(클레임목록!$C$2:$C$2000,MATCH($B92,클레임목록!$O$2:$O$2000,0)))) | F92: =IF($B92="","",IF(INDEX(클레임목록!$D$2:$D$2000,MATCH($B92,클레임목록!$O$2:$O$2000,0))="","",INDEX(클레임목록!$D$2:$D$2000,MATCH($B92,클레임목록!$O$2:$O$2000,0)))) | G92: =IF($B92="","",IF(INDEX(클레임목록!$E$2:$E$2000,MATCH($B92,클레임목록!$O$2:$O$2000,0))="","",INDEX(클레임목록!$E$2:$E$2000,MATCH($B92,클레임목록!$O$2:$O$2000,0)))) | H92: =IF($B92="","",IF(INDEX(클레임목록!$F$2:$F$2000,MATCH($B92,클레임목록!$O$2:$O$2000,0))="","",INDEX(클레임목록!$F$2:$F$2000,MATCH($B92,클레임목록!$O$2:$O$2000,0)))) | I92: =IF($B92="","",IF(INDEX(클레임목록!$G$2:$G$2000,MATCH($B92,클레임목록!$O$2:$O$2000,0))="","",INDEX(클레임목록!$G$2:$G$2000,MATCH($B92,클레임목록!$O$2:$O$2000,0)))) | J92: =IF($B92="","",IF(INDEX(클레임목록!$H$2:$H$2000,MATCH($B92,클레임목록!$O$2:$O$2000,0))="","",INDEX(클레임목록!$H$2:$H$2000,MATCH($B92,클레임목록!$O$2:$O$2000,0)))) | K92: =IF($B92="","",IF(INDEX(클레임목록!$I$2:$I$2000,MATCH($B92,클레임목록!$O$2:$O$2000,0))="","",INDEX(클레임목록!$I$2:$I$2000,MATCH($B92,클레임목록!$O$2:$O$2000,0)))) | L92: =IF($B92="","",IF(INDEX(클레임목록!$J$2:$J$2000,MATCH($B92,클레임목록!$O$2:$O$2000,0))="","",INDEX(클레임목록!$J$2:$J$2000,MATCH($B92,클레임목록!$O$2:$O$2000,0))))
B93: =IF(80<=$C$11,80,"") | C93: =IF($B93="","",IF(INDEX(클레임목록!$A$2:$A$2000,MATCH($B93,클레임목록!$O$2:$O$2000,0))="","",INDEX(클레임목록!$A$2:$A$2000,MATCH($B93,클레임목록!$O$2:$O$2000,0)))) | D93: =IF($B93="","",IF(INDEX(클레임목록!$B$2:$B$2000,MATCH($B93,클레임목록!$O$2:$O$2000,0))="","",INDEX(클레임목록!$B$2:$B$2000,MATCH($B93,클레임목록!$O$2:$O$2000,0)))) | E93: =IF($B93="","",IF(INDEX(클레임목록!$C$2:$C$2000,MATCH($B93,클레임목록!$O$2:$O$2000,0))="","",INDEX(클레임목록!$C$2:$C$2000,MATCH($B93,클레임목록!$O$2:$O$2000,0)))) | F93: =IF($B93="","",IF(INDEX(클레임목록!$D$2:$D$2000,MATCH($B93,클레임목록!$O$2:$O$2000,0))="","",INDEX(클레임목록!$D$2:$D$2000,MATCH($B93,클레임목록!$O$2:$O$2000,0)))) | G93: =IF($B93="","",IF(INDEX(클레임목록!$E$2:$E$2000,MATCH($B93,클레임목록!$O$2:$O$2000,0))="","",INDEX(클레임목록!$E$2:$E$2000,MATCH($B93,클레임목록!$O$2:$O$2000,0)))) | H93: =IF($B93="","",IF(INDEX(클레임목록!$F$2:$F$2000,MATCH($B93,클레임목록!$O$2:$O$2000,0))="","",INDEX(클레임목록!$F$2:$F$2000,MATCH($B93,클레임목록!$O$2:$O$2000,0)))) | I93: =IF($B93="","",IF(INDEX(클레임목록!$G$2:$G$2000,MATCH($B93,클레임목록!$O$2:$O$2000,0))="","",INDEX(클레임목록!$G$2:$G$2000,MATCH($B93,클레임목록!$O$2:$O$2000,0)))) | J93: =IF($B93="","",IF(INDEX(클레임목록!$H$2:$H$2000,MATCH($B93,클레임목록!$O$2:$O$2000,0))="","",INDEX(클레임목록!$H$2:$H$2000,MATCH($B93,클레임목록!$O$2:$O$2000,0)))) | K93: =IF($B93="","",IF(INDEX(클레임목록!$I$2:$I$2000,MATCH($B93,클레임목록!$O$2:$O$2000,0))="","",INDEX(클레임목록!$I$2:$I$2000,MATCH($B93,클레임목록!$O$2:$O$2000,0)))) | L93: =IF($B93="","",IF(INDEX(클레임목록!$J$2:$J$2000,MATCH($B93,클레임목록!$O$2:$O$2000,0))="","",INDEX(클레임목록!$J$2:$J$2000,MATCH($B93,클레임목록!$O$2:$O$2000,0))))
B94: =IF(81<=$C$11,81,"") | C94: =IF($B94="","",IF(INDEX(클레임목록!$A$2:$A$2000,MATCH($B94,클레임목록!$O$2:$O$2000,0))="","",INDEX(클레임목록!$A$2:$A$2000,MATCH($B94,클레임목록!$O$2:$O$2000,0)))) | D94: =IF($B94="","",IF(INDEX(클레임목록!$B$2:$B$2000,MATCH($B94,클레임목록!$O$2:$O$2000,0))="","",INDEX(클레임목록!$B$2:$B$2000,MATCH($B94,클레임목록!$O$2:$O$2000,0)))) | E94: =IF($B94="","",IF(INDEX(클레임목록!$C$2:$C$2000,MATCH($B94,클레임목록!$O$2:$O$2000,0))="","",INDEX(클레임목록!$C$2:$C$2000,MATCH($B94,클레임목록!$O$2:$O$2000,0)))) | F94: =IF($B94="","",IF(INDEX(클레임목록!$D$2:$D$2000,MATCH($B94,클레임목록!$O$2:$O$2000,0))="","",INDEX(클레임목록!$D$2:$D$2000,MATCH($B94,클레임목록!$O$2:$O$2000,0)))) | G94: =IF($B94="","",IF(INDEX(클레임목록!$E$2:$E$2000,MATCH($B94,클레임목록!$O$2:$O$2000,0))="","",INDEX(클레임목록!$E$2:$E$2000,MATCH($B94,클레임목록!$O$2:$O$2000,0)))) | H94: =IF($B94="","",IF(INDEX(클레임목록!$F$2:$F$2000,MATCH($B94,클레임목록!$O$2:$O$2000,0))="","",INDEX(클레임목록!$F$2:$F$2000,MATCH($B94,클레임목록!$O$2:$O$2000,0)))) | I94: =IF($B94="","",IF(INDEX(클레임목록!$G$2:$G$2000,MATCH($B94,클레임목록!$O$2:$O$2000,0))="","",INDEX(클레임목록!$G$2:$G$2000,MATCH($B94,클레임목록!$O$2:$O$2000,0)))) | J94: =IF($B94="","",IF(INDEX(클레임목록!$H$2:$H$2000,MATCH($B94,클레임목록!$O$2:$O$2000,0))="","",INDEX(클레임목록!$H$2:$H$2000,MATCH($B94,클레임목록!$O$2:$O$2000,0)))) | K94: =IF($B94="","",IF(INDEX(클레임목록!$I$2:$I$2000,MATCH($B94,클레임목록!$O$2:$O$2000,0))="","",INDEX(클레임목록!$I$2:$I$2000,MATCH($B94,클레임목록!$O$2:$O$2000,0)))) | L94: =IF($B94="","",IF(INDEX(클레임목록!$J$2:$J$2000,MATCH($B94,클레임목록!$O$2:$O$2000,0))="","",INDEX(클레임목록!$J$2:$J$2000,MATCH($B94,클레임목록!$O$2:$O$2000,0))))
B95: =IF(82<=$C$11,82,"") | C95: =IF($B95="","",IF(INDEX(클레임목록!$A$2:$A$2000,MATCH($B95,클레임목록!$O$2:$O$2000,0))="","",INDEX(클레임목록!$A$2:$A$2000,MATCH($B95,클레임목록!$O$2:$O$2000,0)))) | D95: =IF($B95="","",IF(INDEX(클레임목록!$B$2:$B$2000,MATCH($B95,클레임목록!$O$2:$O$2000,0))="","",INDEX(클레임목록!$B$2:$B$2000,MATCH($B95,클레임목록!$O$2:$O$2000,0)))) | E95: =IF($B95="","",IF(INDEX(클레임목록!$C$2:$C$2000,MATCH($B95,클레임목록!$O$2:$O$2000,0))="","",INDEX(클레임목록!$C$2:$C$2000,MATCH($B95,클레임목록!$O$2:$O$2000,0)))) | F95: =IF($B95="","",IF(INDEX(클레임목록!$D$2:$D$2000,MATCH($B95,클레임목록!$O$2:$O$2000,0))="","",INDEX(클레임목록!$D$2:$D$2000,MATCH($B95,클레임목록!$O$2:$O$2000,0)))) | G95: =IF($B95="","",IF(INDEX(클레임목록!$E$2:$E$2000,MATCH($B95,클레임목록!$O$2:$O$2000,0))="","",INDEX(클레임목록!$E$2:$E$2000,MATCH($B95,클레임목록!$O$2:$O$2000,0)))) | H95: =IF($B95="","",IF(INDEX(클레임목록!$F$2:$F$2000,MATCH($B95,클레임목록!$O$2:$O$2000,0))="","",INDEX(클레임목록!$F$2:$F$2000,MATCH($B95,클레임목록!$O$2:$O$2000,0)))) | I95: =IF($B95="","",IF(INDEX(클레임목록!$G$2:$G$2000,MATCH($B95,클레임목록!$O$2:$O$2000,0))="","",INDEX(클레임목록!$G$2:$G$2000,MATCH($B95,클레임목록!$O$2:$O$2000,0)))) | J95: =IF($B95="","",IF(INDEX(클레임목록!$H$2:$H$2000,MATCH($B95,클레임목록!$O$2:$O$2000,0))="","",INDEX(클레임목록!$H$2:$H$2000,MATCH($B95,클레임목록!$O$2:$O$2000,0)))) | K95: =IF($B95="","",IF(INDEX(클레임목록!$I$2:$I$2000,MATCH($B95,클레임목록!$O$2:$O$2000,0))="","",INDEX(클레임목록!$I$2:$I$2000,MATCH($B95,클레임목록!$O$2:$O$2000,0)))) | L95: =IF($B95="","",IF(INDEX(클레임목록!$J$2:$J$2000,MATCH($B95,클레임목록!$O$2:$O$2000,0))="","",INDEX(클레임목록!$J$2:$J$2000,MATCH($B95,클레임목록!$O$2:$O$2000,0))))
B96: =IF(83<=$C$11,83,"") | C96: =IF($B96="","",IF(INDEX(클레임목록!$A$2:$A$2000,MATCH($B96,클레임목록!$O$2:$O$2000,0))="","",INDEX(클레임목록!$A$2:$A$2000,MATCH($B96,클레임목록!$O$2:$O$2000,0)))) | D96: =IF($B96="","",IF(INDEX(클레임목록!$B$2:$B$2000,MATCH($B96,클레임목록!$O$2:$O$2000,0))="","",INDEX(클레임목록!$B$2:$B$2000,MATCH($B96,클레임목록!$O$2:$O$2000,0)))) | E96: =IF($B96="","",IF(INDEX(클레임목록!$C$2:$C$2000,MATCH($B96,클레임목록!$O$2:$O$2000,0))="","",INDEX(클레임목록!$C$2:$C$2000,MATCH($B96,클레임목록!$O$2:$O$2000,0)))) | F96: =IF($B96="","",IF(INDEX(클레임목록!$D$2:$D$2000,MATCH($B96,클레임목록!$O$2:$O$2000,0))="","",INDEX(클레임목록!$D$2:$D$2000,MATCH($B96,클레임목록!$O$2:$O$2000,0)))) | G96: =IF($B96="","",IF(INDEX(클레임목록!$E$2:$E$2000,MATCH($B96,클레임목록!$O$2:$O$2000,0))="","",INDEX(클레임목록!$E$2:$E$2000,MATCH($B96,클레임목록!$O$2:$O$2000,0)))) | H96: =IF($B96="","",IF(INDEX(클레임목록!$F$2:$F$2000,MATCH($B96,클레임목록!$O$2:$O$2000,0))="","",INDEX(클레임목록!$F$2:$F$2000,MATCH($B96,클레임목록!$O$2:$O$2000,0)))) | I96: =IF($B96="","",IF(INDEX(클레임목록!$G$2:$G$2000,MATCH($B96,클레임목록!$O$2:$O$2000,0))="","",INDEX(클레임목록!$G$2:$G$2000,MATCH($B96,클레임목록!$O$2:$O$2000,0)))) | J96: =IF($B96="","",IF(INDEX(클레임목록!$H$2:$H$2000,MATCH($B96,클레임목록!$O$2:$O$2000,0))="","",INDEX(클레임목록!$H$2:$H$2000,MATCH($B96,클레임목록!$O$2:$O$2000,0)))) | K96: =IF($B96="","",IF(INDEX(클레임목록!$I$2:$I$2000,MATCH($B96,클레임목록!$O$2:$O$2000,0))="","",INDEX(클레임목록!$I$2:$I$2000,MATCH($B96,클레임목록!$O$2:$O$2000,0)))) | L96: =IF($B96="","",IF(INDEX(클레임목록!$J$2:$J$2000,MATCH($B96,클레임목록!$O$2:$O$2000,0))="","",INDEX(클레임목록!$J$2:$J$2000,MATCH($B96,클레임목록!$O$2:$O$2000,0))))
B97: =IF(84<=$C$11,84,"") | C97: =IF($B97="","",IF(INDEX(클레임목록!$A$2:$A$2000,MATCH($B97,클레임목록!$O$2:$O$2000,0))="","",INDEX(클레임목록!$A$2:$A$2000,MATCH($B97,클레임목록!$O$2:$O$2000,0)))) | D97: =IF($B97="","",IF(INDEX(클레임목록!$B$2:$B$2000,MATCH($B97,클레임목록!$O$2:$O$2000,0))="","",INDEX(클레임목록!$B$2:$B$2000,MATCH($B97,클레임목록!$O$2:$O$2000,0)))) | E97: =IF($B97="","",IF(INDEX(클레임목록!$C$2:$C$2000,MATCH($B97,클레임목록!$O$2:$O$2000,0))="","",INDEX(클레임목록!$C$2:$C$2000,MATCH($B97,클레임목록!$O$2:$O$2000,0)))) | F97: =IF($B97="","",IF(INDEX(클레임목록!$D$2:$D$2000,MATCH($B97,클레임목록!$O$2:$O$2000,0))="","",INDEX(클레임목록!$D$2:$D$2000,MATCH($B97,클레임목록!$O$2:$O$2000,0)))) | G97: =IF($B97="","",IF(INDEX(클레임목록!$E$2:$E$2000,MATCH($B97,클레임목록!$O$2:$O$2000,0))="","",INDEX(클레임목록!$E$2:$E$2000,MATCH($B97,클레임목록!$O$2:$O$2000,0)))) | H97: =IF($B97="","",IF(INDEX(클레임목록!$F$2:$F$2000,MATCH($B97,클레임목록!$O$2:$O$2000,0))="","",INDEX(클레임목록!$F$2:$F$2000,MATCH($B97,클레임목록!$O$2:$O$2000,0)))) | I97: =IF($B97="","",IF(INDEX(클레임목록!$G$2:$G$2000,MATCH($B97,클레임목록!$O$2:$O$2000,0))="","",INDEX(클레임목록!$G$2:$G$2000,MATCH($B97,클레임목록!$O$2:$O$2000,0)))) | J97: =IF($B97="","",IF(INDEX(클레임목록!$H$2:$H$2000,MATCH($B97,클레임목록!$O$2:$O$2000,0))="","",INDEX(클레임목록!$H$2:$H$2000,MATCH($B97,클레임목록!$O$2:$O$2000,0)))) | K97: =IF($B97="","",IF(INDEX(클레임목록!$I$2:$I$2000,MATCH($B97,클레임목록!$O$2:$O$2000,0))="","",INDEX(클레임목록!$I$2:$I$2000,MATCH($B97,클레임목록!$O$2:$O$2000,0)))) | L97: =IF($B97="","",IF(INDEX(클레임목록!$J$2:$J$2000,MATCH($B97,클레임목록!$O$2:$O$2000,0))="","",INDEX(클레임목록!$J$2:$J$2000,MATCH($B97,클레임목록!$O$2:$O$2000,0))))
B98: =IF(85<=$C$11,85,"") | C98: =IF($B98="","",IF(INDEX(클레임목록!$A$2:$A$2000,MATCH($B98,클레임목록!$O$2:$O$2000,0))="","",INDEX(클레임목록!$A$2:$A$2000,MATCH($B98,클레임목록!$O$2:$O$2000,0)))) | D98: =IF($B98="","",IF(INDEX(클레임목록!$B$2:$B$2000,MATCH($B98,클레임목록!$O$2:$O$2000,0))="","",INDEX(클레임목록!$B$2:$B$2000,MATCH($B98,클레임목록!$O$2:$O$2000,0)))) | E98: =IF($B98="","",IF(INDEX(클레임목록!$C$2:$C$2000,MATCH($B98,클레임목록!$O$2:$O$2000,0))="","",INDEX(클레임목록!$C$2:$C$2000,MATCH($B98,클레임목록!$O$2:$O$2000,0)))) | F98: =IF($B98="","",IF(INDEX(클레임목록!$D$2:$D$2000,MATCH($B98,클레임목록!$O$2:$O$2000,0))="","",INDEX(클레임목록!$D$2:$D$2000,MATCH($B98,클레임목록!$O$2:$O$2000,0)))) | G98: =IF($B98="","",IF(INDEX(클레임목록!$E$2:$E$2000,MATCH($B98,클레임목록!$O$2:$O$2000,0))="","",INDEX(클레임목록!$E$2:$E$2000,MATCH($B98,클레임목록!$O$2:$O$2000,0)))) | H98: =IF($B98="","",IF(INDEX(클레임목록!$F$2:$F$2000,MATCH($B98,클레임목록!$O$2:$O$2000,0))="","",INDEX(클레임목록!$F$2:$F$2000,MATCH($B98,클레임목록!$O$2:$O$2000,0)))) | I98: =IF($B98="","",IF(INDEX(클레임목록!$G$2:$G$2000,MATCH($B98,클레임목록!$O$2:$O$2000,0))="","",INDEX(클레임목록!$G$2:$G$2000,MATCH($B98,클레임목록!$O$2:$O$2000,0)))) | J98: =IF($B98="","",IF(INDEX(클레임목록!$H$2:$H$2000,MATCH($B98,클레임목록!$O$2:$O$2000,0))="","",INDEX(클레임목록!$H$2:$H$2000,MATCH($B98,클레임목록!$O$2:$O$2000,0)))) | K98: =IF($B98="","",IF(INDEX(클레임목록!$I$2:$I$2000,MATCH($B98,클레임목록!$O$2:$O$2000,0))="","",INDEX(클레임목록!$I$2:$I$2000,MATCH($B98,클레임목록!$O$2:$O$2000,0)))) | L98: =IF($B98="","",IF(INDEX(클레임목록!$J$2:$J$2000,MATCH($B98,클레임목록!$O$2:$O$2000,0))="","",INDEX(클레임목록!$J$2:$J$2000,MATCH($B98,클레임목록!$O$2:$O$2000,0))))
B99: =IF(86<=$C$11,86,"") | C99: =IF($B99="","",IF(INDEX(클레임목록!$A$2:$A$2000,MATCH($B99,클레임목록!$O$2:$O$2000,0))="","",INDEX(클레임목록!$A$2:$A$2000,MATCH($B99,클레임목록!$O$2:$O$2000,0)))) | D99: =IF($B99="","",IF(INDEX(클레임목록!$B$2:$B$2000,MATCH($B99,클레임목록!$O$2:$O$2000,0))="","",INDEX(클레임목록!$B$2:$B$2000,MATCH($B99,클레임목록!$O$2:$O$2000,0)))) | E99: =IF($B99="","",IF(INDEX(클레임목록!$C$2:$C$2000,MATCH($B99,클레임목록!$O$2:$O$2000,0))="","",INDEX(클레임목록!$C$2:$C$2000,MATCH($B99,클레임목록!$O$2:$O$2000,0)))) | F99: =IF($B99="","",IF(INDEX(클레임목록!$D$2:$D$2000,MATCH($B99,클레임목록!$O$2:$O$2000,0))="","",INDEX(클레임목록!$D$2:$D$2000,MATCH($B99,클레임목록!$O$2:$O$2000,0)))) | G99: =IF($B99="","",IF(INDEX(클레임목록!$E$2:$E$2000,MATCH($B99,클레임목록!$O$2:$O$2000,0))="","",INDEX(클레임목록!$E$2:$E$2000,MATCH($B99,클레임목록!$O$2:$O$2000,0)))) | H99: =IF($B99="","",IF(INDEX(클레임목록!$F$2:$F$2000,MATCH($B99,클레임목록!$O$2:$O$2000,0))="","",INDEX(클레임목록!$F$2:$F$2000,MATCH($B99,클레임목록!$O$2:$O$2000,0)))) | I99: =IF($B99="","",IF(INDEX(클레임목록!$G$2:$G$2000,MATCH($B99,클레임목록!$O$2:$O$2000,0))="","",INDEX(클레임목록!$G$2:$G$2000,MATCH($B99,클레임목록!$O$2:$O$2000,0)))) | J99: =IF($B99="","",IF(INDEX(클레임목록!$H$2:$H$2000,MATCH($B99,클레임목록!$O$2:$O$2000,0))="","",INDEX(클레임목록!$H$2:$H$2000,MATCH($B99,클레임목록!$O$2:$O$2000,0)))) | K99: =IF($B99="","",IF(INDEX(클레임목록!$I$2:$I$2000,MATCH($B99,클레임목록!$O$2:$O$2000,0))="","",INDEX(클레임목록!$I$2:$I$2000,MATCH($B99,클레임목록!$O$2:$O$2000,0)))) | L99: =IF($B99="","",IF(INDEX(클레임목록!$J$2:$J$2000,MATCH($B99,클레임목록!$O$2:$O$2000,0))="","",INDEX(클레임목록!$J$2:$J$2000,MATCH($B99,클레임목록!$O$2:$O$2000,0))))
B100: =IF(87<=$C$11,87,"") | C100: =IF($B100="","",IF(INDEX(클레임목록!$A$2:$A$2000,MATCH($B100,클레임목록!$O$2:$O$2000,0))="","",INDEX(클레임목록!$A$2:$A$2000,MATCH($B100,클레임목록!$O$2:$O$2000,0)))) | D100: =IF($B100="","",IF(INDEX(클레임목록!$B$2:$B$2000,MATCH($B100,클레임목록!$O$2:$O$2000,0))="","",INDEX(클레임목록!$B$2:$B$2000,MATCH($B100,클레임목록!$O$2:$O$2000,0)))) | E100: =IF($B100="","",IF(INDEX(클레임목록!$C$2:$C$2000,MATCH($B100,클레임목록!$O$2:$O$2000,0))="","",INDEX(클레임목록!$C$2:$C$2000,MATCH($B100,클레임목록!$O$2:$O$2000,0)))) | F100: =IF($B100="","",IF(INDEX(클레임목록!$D$2:$D$2000,MATCH($B100,클레임목록!$O$2:$O$2000,0))="","",INDEX(클레임목록!$D$2:$D$2000,MATCH($B100,클레임목록!$O$2:$O$2000,0)))) | G100: =IF($B100="","",IF(INDEX(클레임목록!$E$2:$E$2000,MATCH($B100,클레임목록!$O$2:$O$2000,0))="","",INDEX(클레임목록!$E$2:$E$2000,MATCH($B100,클레임목록!$O$2:$O$2000,0)))) | H100: =IF($B100="","",IF(INDEX(클레임목록!$F$2:$F$2000,MATCH($B100,클레임목록!$O$2:$O$2000,0))="","",INDEX(클레임목록!$F$2:$F$2000,MATCH($B100,클레임목록!$O$2:$O$2000,0)))) | I100: =IF($B100="","",IF(INDEX(클레임목록!$G$2:$G$2000,MATCH($B100,클레임목록!$O$2:$O$2000,0))="","",INDEX(클레임목록!$G$2:$G$2000,MATCH($B100,클레임목록!$O$2:$O$2000,0)))) | J100: =IF($B100="","",IF(INDEX(클레임목록!$H$2:$H$2000,MATCH($B100,클레임목록!$O$2:$O$2000,0))="","",INDEX(클레임목록!$H$2:$H$2000,MATCH($B100,클레임목록!$O$2:$O$2000,0)))) | K100: =IF($B100="","",IF(INDEX(클레임목록!$I$2:$I$2000,MATCH($B100,클레임목록!$O$2:$O$2000,0))="","",INDEX(클레임목록!$I$2:$I$2000,MATCH($B100,클레임목록!$O$2:$O$2000,0)))) | L100: =IF($B100="","",IF(INDEX(클레임목록!$J$2:$J$2000,MATCH($B100,클레임목록!$O$2:$O$2000,0))="","",INDEX(클레임목록!$J$2:$J$2000,MATCH($B100,클레임목록!$O$2:$O$2000,0))))
B101: =IF(88<=$C$11,88,"") | C101: =IF($B101="","",IF(INDEX(클레임목록!$A$2:$A$2000,MATCH($B101,클레임목록!$O$2:$O$2000,0))="","",INDEX(클레임목록!$A$2:$A$2000,MATCH($B101,클레임목록!$O$2:$O$2000,0)))) | D101: =IF($B101="","",IF(INDEX(클레임목록!$B$2:$B$2000,MATCH($B101,클레임목록!$O$2:$O$2000,0))="","",INDEX(클레임목록!$B$2:$B$2000,MATCH($B101,클레임목록!$O$2:$O$2000,0)))) | E101: =IF($B101="","",IF(INDEX(클레임목록!$C$2:$C$2000,MATCH($B101,클레임목록!$O$2:$O$2000,0))="","",INDEX(클레임목록!$C$2:$C$2000,MATCH($B101,클레임목록!$O$2:$O$2000,0)))) | F101: =IF($B101="","",IF(INDEX(클레임목록!$D$2:$D$2000,MATCH($B101,클레임목록!$O$2:$O$2000,0))="","",INDEX(클레임목록!$D$2:$D$2000,MATCH($B101,클레임목록!$O$2:$O$2000,0)))) | G101: =IF($B101="","",IF(INDEX(클레임목록!$E$2:$E$2000,MATCH($B101,클레임목록!$O$2:$O$2000,0))="","",INDEX(클레임목록!$E$2:$E$2000,MATCH($B101,클레임목록!$O$2:$O$2000,0)))) | H101: =IF($B101="","",IF(INDEX(클레임목록!$F$2:$F$2000,MATCH($B101,클레임목록!$O$2:$O$2000,0))="","",INDEX(클레임목록!$F$2:$F$2000,MATCH($B101,클레임목록!$O$2:$O$2000,0)))) | I101: =IF($B101="","",IF(INDEX(클레임목록!$G$2:$G$2000,MATCH($B101,클레임목록!$O$2:$O$2000,0))="","",INDEX(클레임목록!$G$2:$G$2000,MATCH($B101,클레임목록!$O$2:$O$2000,0)))) | J101: =IF($B101="","",IF(INDEX(클레임목록!$H$2:$H$2000,MATCH($B101,클레임목록!$O$2:$O$2000,0))="","",INDEX(클레임목록!$H$2:$H$2000,MATCH($B101,클레임목록!$O$2:$O$2000,0)))) | K101: =IF($B101="","",IF(INDEX(클레임목록!$I$2:$I$2000,MATCH($B101,클레임목록!$O$2:$O$2000,0))="","",INDEX(클레임목록!$I$2:$I$2000,MATCH($B101,클레임목록!$O$2:$O$2000,0)))) | L101: =IF($B101="","",IF(INDEX(클레임목록!$J$2:$J$2000,MATCH($B101,클레임목록!$O$2:$O$2000,0))="","",INDEX(클레임목록!$J$2:$J$2000,MATCH($B101,클레임목록!$O$2:$O$2000,0))))
B102: =IF(89<=$C$11,89,"") | C102: =IF($B102="","",IF(INDEX(클레임목록!$A$2:$A$2000,MATCH($B102,클레임목록!$O$2:$O$2000,0))="","",INDEX(클레임목록!$A$2:$A$2000,MATCH($B102,클레임목록!$O$2:$O$2000,0)))) | D102: =IF($B102="","",IF(INDEX(클레임목록!$B$2:$B$2000,MATCH($B102,클레임목록!$O$2:$O$2000,0))="","",INDEX(클레임목록!$B$2:$B$2000,MATCH($B102,클레임목록!$O$2:$O$2000,0)))) | E102: =IF($B102="","",IF(INDEX(클레임목록!$C$2:$C$2000,MATCH($B102,클레임목록!$O$2:$O$2000,0))="","",INDEX(클레임목록!$C$2:$C$2000,MATCH($B102,클레임목록!$O$2:$O$2000,0)))) | F102: =IF($B102="","",IF(INDEX(클레임목록!$D$2:$D$2000,MATCH($B102,클레임목록!$O$2:$O$2000,0))="","",INDEX(클레임목록!$D$2:$D$2000,MATCH($B102,클레임목록!$O$2:$O$2000,0)))) | G102: =IF($B102="","",IF(INDEX(클레임목록!$E$2:$E$2000,MATCH($B102,클레임목록!$O$2:$O$2000,0))="","",INDEX(클레임목록!$E$2:$E$2000,MATCH($B102,클레임목록!$O$2:$O$2000,0)))) | H102: =IF($B102="","",IF(INDEX(클레임목록!$F$2:$F$2000,MATCH($B102,클레임목록!$O$2:$O$2000,0))="","",INDEX(클레임목록!$F$2:$F$2000,MATCH($B102,클레임목록!$O$2:$O$2000,0)))) | I102: =IF($B102="","",IF(INDEX(클레임목록!$G$2:$G$2000,MATCH($B102,클레임목록!$O$2:$O$2000,0))="","",INDEX(클레임목록!$G$2:$G$2000,MATCH($B102,클레임목록!$O$2:$O$2000,0)))) | J102: =IF($B102="","",IF(INDEX(클레임목록!$H$2:$H$2000,MATCH($B102,클레임목록!$O$2:$O$2000,0))="","",INDEX(클레임목록!$H$2:$H$2000,MATCH($B102,클레임목록!$O$2:$O$2000,0)))) | K102: =IF($B102="","",IF(INDEX(클레임목록!$I$2:$I$2000,MATCH($B102,클레임목록!$O$2:$O$2000,0))="","",INDEX(클레임목록!$I$2:$I$2000,MATCH($B102,클레임목록!$O$2:$O$2000,0)))) | L102: =IF($B102="","",IF(INDEX(클레임목록!$J$2:$J$2000,MATCH($B102,클레임목록!$O$2:$O$2000,0))="","",INDEX(클레임목록!$J$2:$J$2000,MATCH($B102,클레임목록!$O$2:$O$2000,0))))
...

Sheet 기준정보
A1: 기준정보 (드롭다운 목록)
A2: 노란 칸 아래에 항목을 계속 추가하면 됩니다(빈 칸 없이 위에서부터, 최대 40개). 추가한 항목은 클레임목록 드롭다운과 분석보고서에 자동 반영됩니다.
A3: 품목류 | B3: 클레임분류 | C3: 조치(처리결과) | E3: 참고
A4: 산모신생아 | B4: 전문성 | C4: 제공인력 교체 | E4: · 분석보고서: 클레임분류 12개, 품목류 8개, 조치 4개까지 표시됩니다.
A5: 영유아 | B5: 성실성 | C5: 서비스 중지 | E5: · 제공인력·내용 목록은 클레임목록에 입력하면 자동으로 만들어집니다(자동목록 시트).
A6: 가사서비스 | B6: 책임감 | C6: 주의·교육 | E6: · 항목명을 바꾸면 이미 입력한 데이터와 달라져 집계에서 빠집니다. 이름 변경 시 클레임목록도 같이 수정하세요.
A7: 정리수납 | B7: 청결성 | C7: 기타 조치
A8: 이유식전문가 | B8: 배려·존중
B9: 기타

Sheet 자동목록
A1: 자동목록 (계산용 — 수정하지 마세요)
A2: 클레임목록에 입력한 제공인력·내용이 자동으로 나열되고, 기준연도의 건수가 계산됩니다.
A3: 제공인력 | B3: 건수(기준연도) | C3: 순위키 | E3: 내용 | F3: 건수(기준연도) | G3: 순위키
A4: =IFERROR(INDEX(클레임목록!$C$2:$C$2000,MATCH(ROW()-3,클레임목록!$P$2:$P$2000,0)),"") -> 유은영 | B4: =IF(A4="","",COUNTIFS(데이터_제공인력,A4,데이터_연도,기준연도)) -> 1 | C4: =IF(A4="","",B4-ROW()/100000) -> 0.99996 | E4: =IFERROR(INDEX(클레임목록!$F$2:$F$2000,MATCH(ROW()-3,클레임목록!$Q$2:$Q$2000,0)),"") -> 조기퇴근 | F4: =IF(E4="","",COUNTIFS(데이터_내용,E4,데이터_연도,기준연도)) -> 1 | G4: =IF(E4="","",F4-ROW()/100000) -> 0.99996
A5: =IFERROR(INDEX(클레임목록!$C$2:$C$2000,MATCH(ROW()-3,클레임목록!$P$2:$P$2000,0)),"") | B5: =IF(A5="","",COUNTIFS(데이터_제공인력,A5,데이터_연도,기준연도)) | C5: =IF(A5="","",B5-ROW()/100000) | E5: =IFERROR(INDEX(클레임목록!$F$2:$F$2000,MATCH(ROW()-3,클레임목록!$Q$2:$Q$2000,0)),"") -> 휴대폰사용 | F5: =IF(E5="","",COUNTIFS(데이터_내용,E5,데이터_연도,기준연도)) -> 1 | G5: =IF(E5="","",F5-ROW()/100000) -> 0.99995
A6: =IFERROR(INDEX(클레임목록!$C$2:$C$2000,MATCH(ROW()-3,클레임목록!$P$2:$P$2000,0)),"") | B6: =IF(A6="","",COUNTIFS(데이터_제공인력,A6,데이터_연도,기준연도)) | C6: =IF(A6="","",B6-ROW()/100000) | E6: =IFERROR(INDEX(클레임목록!$F$2:$F$2000,MATCH(ROW()-3,클레임목록!$Q$2:$Q$2000,0)),"") | F6: =IF(E6="","",COUNTIFS(데이터_내용,E6,데이터_연도,기준연도)) | G6: =IF(E6="","",F6-ROW()/100000)
A7: =IFERROR(INDEX(클레임목록!$C$2:$C$2000,MATCH(ROW()-3,클레임목록!$P$2:$P$2000,0)),"") | B7: =IF(A7="","",COUNTIFS(데이터_제공인력,A7,데이터_연도,기준연도)) | C7: =IF(A7="","",B7-ROW()/100000) | E7: =IFERROR(INDEX(클레임목록!$F$2:$F$2000,MATCH(ROW()-3,클레임목록!$Q$2:$Q$2000,0)),"") | F7: =IF(E7="","",COUNTIFS(데이터_내용,E7,데이터_연도,기준연도)) | G7: =IF(E7="","",F7-ROW()/100000)
A8: =IFERROR(INDEX(클레임목록!$C$2:$C$2000,MATCH(ROW()-3,클레임목록!$P$2:$P$2000,0)),"") | B8: =IF(A8="","",COUNTIFS(데이터_제공인력,A8,데이터_연도,기준연도)) | C8: =IF(A8="","",B8-ROW()/100000) | E8: =IFERROR(INDEX(클레임목록!$F$2:$F$2000,MATCH(ROW()-3,클레임목록!$Q$2:$Q$2000,0)),"") | F8: =IF(E8="","",COUNTIFS(데이터_내용,E8,데이터_연도,기준연도)) | G8: =IF(E8="","",F8-ROW()/100000)
A9: =IFERROR(INDEX(클레임목록!$C$2:$C$2000,MATCH(ROW()-3,클레임목록!$P$2:$P$2000,0)),"") | B9: =IF(A9="","",COUNTIFS(데이터_제공인력,A9,데이터_연도,기준연도)) | C9: =IF(A9="","",B9-ROW()/100000) | E9: =IFERROR(INDEX(클레임목록!$F$2:$F$2000,MATCH(ROW()-3,클레임목록!$Q$2:$Q$2000,0)),"") | F9: =IF(E9="","",COUNTIFS(데이터_내용,E9,데이터_연도,기준연도)) | G9: =IF(E9="","",F9-ROW()/100000)
A10: =IFERROR(INDEX(클레임목록!$C$2:$C$2000,MATCH(ROW()-3,클레임목록!$P$2:$P$2000,0)),"") | B10: =IF(A10="","",COUNTIFS(데이터_제공인력,A10,데이터_연도,기준연도)) | C10: =IF(A10="","",B10-ROW()/100000) | E10: =IFERROR(INDEX(클레임목록!$F$2:$F$2000,MATCH(ROW()-3,클레임목록!$Q$2:$Q$2000,0)),"") | F10: =IF(E10="","",COUNTIFS(데이터_내용,E10,데이터_연도,기준연도)) | G10: =IF(E10="","",F10-ROW()/100000)
A11: =IFERROR(INDEX(클레임목록!$C$2:$C$2000,MATCH(ROW()-3,클레임목록!$P$2:$P$2000,0)),"") | B11: =IF(A11="","",COUNTIFS(데이터_제공인력,A11,데이터_연도,기준연도)) | C11: =IF(A11="","",B11-ROW()/100000) | E11: =IFERROR(INDEX(클레임목록!$F$2:$F$2000,MATCH(ROW()-3,클레임목록!$Q$2:$Q$2000,0)),"") | F11: =IF(E11="","",COUNTIFS(데이터_내용,E11,데이터_연도,기준연도)) | G11: =IF(E11="","",F11-ROW()/100000)
A12: =IFERROR(INDEX(클레임목록!$C$2:$C$2000,MATCH(ROW()-3,클레임목록!$P$2:$P$2000,0)),"") | B12: =IF(A12="","",COUNTIFS(데이터_제공인력,A12,데이터_연도,기준연도)) | C12: =IF(A12="","",B12-ROW()/100000) | E12: =IFERROR(INDEX(클레임목록!$F$2:$F$2000,MATCH(ROW()-3,클레임목록!$Q$2:$Q$2000,0)),"") | F12: =IF(E12="","",COUNTIFS(데이터_내용,E12,데이터_연도,기준연도)) | G12: =IF(E12="","",F12-ROW()/100000)
A13: =IFERROR(INDEX(클레임목록!$C$2:$C$2000,MATCH(ROW()-3,클레임목록!$P$2:$P$2000,0)),"") | B13: =IF(A13="","",COUNTIFS(데이터_제공인력,A13,데이터_연도,기준연도)) | C13: =IF(A13="","",B13-ROW()/100000) | E13: =IFERROR(INDEX(클레임목록!$F$2:$F$2000,MATCH(ROW()-3,클레임목록!$Q$2:$Q$2000,0)),"") | F13: =IF(E13="","",COUNTIFS(데이터_내용,E13,데이터_연도,기준연도)) | G13: =IF(E13="","",F13-ROW()/100000)
A14: =IFERROR(INDEX(클레임목록!$C$2:$C$2000,MATCH(ROW()-3,클레임목록!$P$2:$P$2000,0)),"") | B14: =IF(A14="","",COUNTIFS(데이터_제공인력,A14,데이터_연도,기준연도)) | C14: =IF(A14="","",B14-ROW()/100000) | E14: =IFERROR(INDEX(클레임목록!$F$2:$F$2000,MATCH(ROW()-3,클레임목록!$Q$2:$Q$2000,0)),"") | F14: =IF(E14="","",COUNTIFS(데이터_내용,E14,데이터_연도,기준연도)) | G14: =IF(E14="","",F14-ROW()/100000)
A15: =IFERROR(INDEX(클레임목록!$C$2:$C$2000,MATCH(ROW()-3,클레임목록!$P$2:$P$2000,0)),"") | B15: =IF(A15="","",COUNTIFS(데이터_제공인력,A15,데이터_연도,기준연도)) | C15: =IF(A15="","",B15-ROW()/100000) | E15: =IFERROR(INDEX(클레임목록!$F$2:$F$2000,MATCH(ROW()-3,클레임목록!$Q$2:$Q$2000,0)),"") | F15: =IF(E15="","",COUNTIFS(데이터_내용,E15,데이터_연도,기준연도)) | G15: =IF(E15="","",F15-ROW()/100000)
... A103: =IFERROR(INDEX(클레임목록!$C$2:$C$2000,MATCH(ROW()-3,클레임목록!$P$2:$P$2000,0)),"") | B103: =IF(A103="","",COUNTIFS(데이터_제공인력,A103,데이터_연도,기준연도)) | C103: =IF(A103="","",B103-ROW()/100000) | E103: =IFERROR(INDEX(클레임목록!$F$2:$F$2000,MATCH(ROW()-3,클레임목록!$Q$2:$Q$2000,0)),"") | F103: =IF(E103="","",COUNTIFS(데이터_내용,E103,데이터_연도,기준연도)) | G103: =IF(E103="","",F103-ROW()/100000)
A104: =IFERROR(INDEX(클레임목록!$C$2:$C$2000,MATCH(ROW()-3,클레임목록!$P$2:$P$2000,0)),"") | B104: =IF(A104="","",COUNTIFS(데이터_제공인력,A104,데이터_연도,기준연도)) | C104: =IF(A104="","",B104-ROW()/100000)
A105: =IFERROR(INDEX(클레임목록!$C$2:$C$2000,MATCH(ROW()-3,클레임목록!$P$2:$P$2000,0)),"") | B105: =IF(A105="","",COUNTIFS(데이터_제공인력,A105,데이터_연도,기준연도)) | C105: =IF(A105="","",B105-ROW()/100000)
A106: =IFERROR(INDEX(클레임목록!$C$2:$C$2000,MATCH(ROW()-3,클레임목록!$P$2:$P$2000,0)),"") | B106: =IF(A106="","",COUNTIFS(데이터_제공인력,A106,데이터_연도,기준연도)) | C106: =IF(A106="","",B106-ROW()/100000)
A107: =IFERROR(INDEX(클레임목록!$C$2:$C$2000,MATCH(ROW()-3,클레임목록!$P$2:$P$2000,0)),"") | B107: =IF(A107="","",COUNTIFS(데이터_제공인력,A107,데이터_연도,기준연도)) | C107: =IF(A107="","",B107-ROW()/100000)
A108: =IFERROR(INDEX(클레임목록!$C$2:$C$2000,MATCH(ROW()-3,클레임목록!$P$2:$P$2000,0)),"") | B108: =IF(A108="","",COUNTIFS(데이터_제공인력,A108,데이터_연도,기준연도)) | C108: =IF(A108="","",B108-ROW()/100000)
A109: =IFERROR(INDEX(클레임목록!$C$2:$C$2000,MATCH(ROW()-3,클레임목록!$P$2:$P$2000,0)),"") | B109: =IF(A109="","",COUNTIFS(데이터_제공인력,A109,데이터_연도,기준연도)) | C109: =IF(A109="","",B109-ROW()/100000)
A110: =IFERROR(INDEX(클레임목록!$C$2:$C$2000,MATCH(ROW()-3,클레임목록!$P$2:$P$2000,0)),"") | B110: =IF(A110="","",COUNTIFS(데이터_제공인력,A110,데이터_연도,기준연도)) | C110: =IF(A110="","",B110-ROW()/100000)
A111: =IFERROR(INDEX(클레임목록!$C$2:$C$2000,MATCH(ROW()-3,클레임목록!$P$2:$P$2000,0)),"") | B111: =IF(A111="","",COUNTIFS(데이터_제공인력,A111,데이터_연도,기준연도)) | C111: =IF(A111="","",B111-ROW()/100000)
A112: =IFERROR(INDEX(클레임목록!$C$2:$C$2000,MATCH(ROW()-3,클레임목록!$P$2:$P$2000,0)),"") | B112: =IF(A112="","",COUNTIFS(데이터_제공인력,A112,데이터_연도,기준연도)) | C112: =IF(A112="","",B112-ROW()/100000)
A113: =IFERROR(INDEX(클레임목록!$C$2:$C$2000,MATCH(ROW()-3,클레임목록!$P$2:$P$2000,0)),"") | B113: =IF(A113="","",COUNTIFS(데이터_제공인력,A113,데이터_연도,기준연도)) | C113: =IF(A113="","",B113-ROW()/100000)
A114: =IFERROR(INDEX(클레임목록!$C$2:$C$2000,MATCH(ROW()-3,클레임목록!$P$2:$P$2000,0)),"") | B114: =IF(A114="","",COUNTIFS(데이터_제공인력,A114,데이터_연도,기준연도)) | C114: =IF(A114="","",B114-ROW()/100000)
A115: =IFERROR(INDEX(클레임목록!$C$2:$C$2000,MATCH(ROW()-3,클레임목록!$P$2:$P$2000,0)),"") | B115: =IF(A115="","",COUNTIFS(데이터_제공인력,A115,데이터_연도,기준연도)) | C115: =IF(A115="","",B115-ROW()/100000)
... A203: =IFERROR(INDEX(클레임목록!$C$2:$C$2000,MATCH(ROW()-3,클레임목록!$P$2:$P$2000,0)),"") | B203: =IF(A203="","",COUNTIFS(데이터_제공인력,A203,데이터_연도,기준연도)) | C203: =IF(A203="","",B203-ROW()/100000)
